Time,Coupling_Strength,Phase_Locking_Ratio,Energy_Synchronization
0.0,0.0,1.0,1.0
0.1001001001001001,0.0005,0.9999999899705937,1.0008981208971672
0.2002002002002002,0.001,0.999999901729136,1.0017916922706087
0.3003003003003003,0.0015,0.9999998418203658,1.0026788330095335
0.4004004004004004,0.002,0.9999995192727811,1.003544259983484
0.5005005005005005,0.0025,0.9999996313398394,1.0043822702094813
0.6006006006006006,0.003,0.9999990557832974,1.0051991197273458
0.7007007007007008,0.0035,0.9999995277200405,1.0060289702242957
0.8008008008008008,0.004,0.9999982397907141,1.0068307804157572
0.9009009009009008,0.0045,0.9999989065810602,1.0075971994314068
1.001001001001001,0.005,0.9999980370964238,1.008338545454193
1.1011011011011012,0.0055,0.999985085067988,1.0090896319011888
1.2012012012012012,0.006,0.9999958475910716,1.0098235305374939
1.3013013013013013,0.0065,0.999998129998987,1.0105760279330727
1.4014014014014016,0.007,0.9999841786552754,1.011309510503268
1.5015015015015016,0.0075,0.9999979710945449,1.0119950035200453
1.6016016016016017,0.008,0.9999974710264361,1.012678405564477
1.7017017017017018,0.0085,0.9999852244567674,1.0133972177833437
1.8018018018018016,0.009,0.9999974098585177,1.0141142007440664
1.901901901901902,0.0095,0.9999852665645966,1.014843147288021
2.002002002002002,0.01,0.9999876908538293,1.0156010149967283
2.1021021021021022,0.0105,0.99994857036685,1.0163933097748594
2.2022022022022023,0.011,0.9999774704197212,1.0171530757966065
2.3023023023023024,0.0115,0.999976984892035,1.0179653924264171
2.4024024024024024,0.012,0.9990228443914113,1.0187461744037316
2.5025025025025025,0.0125,0.999910178324582,1.019606958623388
2.6026026026026026,0.013,0.9999573668685667,1.0204533028715828
2.702702702702703,0.0135,0.9996988829484104,1.021298982715811
2.802802802802803,0.014,0.9999956119720669,1.0221737962868782
2.902902902902903,0.0145,0.9999976983796263,1.0230312783777062
3.0030030030030037,0.015,0.9999990678129517,1.0238768302307142
3.1031031031031038,0.0155,0.9999995390726397,1.0247112833511545
3.2032032032032034,0.016,0.9999982871087407,1.025571756779218
3.3033033033033035,0.0165,0.9999992005509977,1.0263866687198933
3.4034034034034035,0.017,0.9999979542143673,1.0271243235479441
3.503503503503504,0.0175,0.9999962365572547,1.0278377623036896
3.603603603603604,0.018,0.9999990484748658,1.028483101913921
3.703703703703704,0.0185,0.9999971414436035,1.0291397303789775
3.803803803803804,0.019,0.9999978698547026,1.0297084812554507
3.903903903903904,0.0195,0.9999977066517846,1.0302013773643603
4.004004004004004,0.02,0.9999952889928584,1.0307078900865159
4.104104104104104,0.0205,0.9999987891876451,1.031165150189565
4.2042042042042045,0.021,0.9999970135401215,1.031617494341722
4.3043043043043046,0.0215,0.9999980236038429,1.0319589775909985
4.404404404404405,0.022,0.999996762521885,1.0322937623660244
4.504504504504505,0.0225,0.9999977225568334,1.0325944713014943
4.604604604604605,0.023,0.9999984790090635,1.0328411868661556
4.704704704704705,0.0235,0.9999970403451927,1.0331840531410865
4.804804804804805,0.024,0.9999976167654203,1.0335749760088455
4.904904904904905,0.0245,0.9999939296772147,1.0339553664547345
5.005005005005005,0.025,0.9999957648397944,1.0342934318103278
5.105105105105105,0.0255,0.9999972935409545,1.0346693990921991
5.205205205205205,0.026,0.999997201752684,1.0351057653453313
5.305305305305305,0.0265,0.9999960171438259,1.035578877726626
5.405405405405406,0.027,0.9999979769081411,1.0361538697007089
5.505505505505506,0.0275,0.999996486052338,1.0368533326558254
5.605605605605606,0.028,0.9999845491474865,1.0376525767330393
5.705705705705706,0.0285,0.9999875108586616,1.0384398981805025
5.805805805805806,0.029,0.9999716996516602,1.0393224481600132
5.9059059059059065,0.0295,0.9999964815788601,1.040382747406915
6.006006006006007,0.03,0.9999977441286473,1.0416579233280052
6.106106106106107,0.0305,0.9999977348954122,1.0428310370777478
6.206206206206207,0.031,0.9999799149029027,1.044271091796708
6.306306306306307,0.0315,0.9999920472060501,1.045728349321695
6.406406406406407,0.032,0.999995224871283,1.047385533542035
6.506506506506507,0.0325,0.99999883143022,1.0496017688287833
6.606606606606607,0.033,0.9999984986171744,1.052324516466288
6.706706706706707,0.0335,0.9999982077308771,1.054856753020607
6.806806806806807,0.034,0.999999122971476,1.0577947800268646
6.906906906906907,0.0345,0.9999941328037498,1.0610410462193962
7.007007007007007,0.035,0.9999992952897648,1.0635352018007886
7.107107107107107,0.0355,0.9999990972903035,1.065938879624374
7.207207207207207,0.036,0.9999988836217696,1.0665578265695097
7.307307307307307,0.0365,0.9999988732500479,1.0648856004279046
7.407407407407407,0.037,0.9999984090882305,1.0564590748314229
7.507507507507508,0.0375,0.9999991645555089,1.0435332570321585
7.607607607607608,0.038,0.9999992368981543,1.0289579959628539
7.7077077077077085,0.0385,0.9599994830219448,1.0098744631354617
7.807807807807809,0.039,0.999999071482602,0.9947103049407553
7.907907907907909,0.0395,0.9999990619988627,0.9839069110264538
8.008008008008009,0.04,0.9999993052246263,0.9781606194932057
8.108108108108109,0.0405,0.9999990938427459,0.9746463483854416
8.208208208208209,0.041,0.9999991733422482,0.9726544589648382
8.308308308308309,0.0415,0.9999992456821422,0.9718674538308189
8.408408408408409,0.042,0.9999990153881096,0.9720586606296842
8.508508508508509,0.0425,0.9999983132031393,0.9729129982781615
8.608608608608609,0.043,0.9999973515307624,0.9735424275857932
8.70870870870871,0.0435,0.9999985184269474,0.9744326669613045
8.80880880880881,0.044,0.9999969750814579,0.9753551155481541
8.90890890890891,0.0445,0.9999960876804362,0.9762252807439998
9.00900900900901,0.045,0.9999969171208797,0.9771627771639766
9.10910910910911,0.0455,0.9999940150381177,0.9779429490865178
9.20920920920921,0.046,0.9999847218154642,0.9785398518401929
9.30930930930931,0.0465,0.999994139347411,0.9793800993546227
9.40940940940941,0.047,0.9999854706219176,0.9800058619247644
9.50950950950951,0.0475,0.9999356989252365,0.9805666701894135
9.60960960960961,0.048,0.999878492593666,0.9810976335760491
9.70970970970971,0.0485,0.9999805896526013,0.98155471869445
9.80980980980981,0.049,0.9999183766696086,0.9819431280845842
9.90990990990991,0.0495,0.999859262739718,0.9822037035525799
10.01001001001001,0.05,0.9999142906302018,0.9824182796603704
10.11011011011011,0.0505,0.9998714163023362,0.9826312442343019
10.21021021021021,0.051,0.9995706404478503,0.9827127595332228
10.31031031031031,0.0515,0.999102297745755,0.9827478196785687
10.41041041041041,0.052,0.9996798565606221,0.9827083550104782
10.51051051051051,0.0525,0.9997552730374665,0.9825532349636362
10.61061061061061,0.053,0.9993791319250863,0.9823171918843081
10.710710710710712,0.0535,0.9994251013325095,0.9818352011987154
10.810810810810812,0.054,0.999057419999762,0.981441078767089
10.910910910910912,0.0545,0.9982825686032141,0.9810337536472801
11.011011011011012,0.055,0.9990815800529208,0.9805468481703005
11.111111111111112,0.0555,0.982916576656085,0.9802089728553648
11.211211211211213,0.056,0.9987603586296322,0.9796662847023385
11.311311311311313,0.0565,0.9648493393257733,0.9791070084226124
11.411411411411413,0.057,0.9523651112799629,0.9784622693090835
11.511511511511513,0.0575,0.9781528370661376,0.9779965036025109
11.611611611611613,0.058,0.9919477121962547,0.9775907327747004
11.711711711711713,0.0585,0.9914506355122416,0.9772903848178511
11.811811811811811,0.059,0.9766445292433013,0.9771372089410972
11.911911911911911,0.0595,0.9716997874882732,0.9770939484412952
12.012012012012011,0.06,0.9813430588312972,0.9772883906106011
12.112112112112111,0.0605,0.9860850465329,0.9776960652251848
12.212212212212211,0.061,0.9786083078846376,0.9784128321264686
12.312312312312311,0.0615,0.9818398747514243,0.9791999481979933
12.412412412412412,0.062,0.9634063240738644,0.980331568620346
12.512512512512512,0.0625,0.9236089903570607,0.9816421817014566
12.612612612612612,0.063,0.8421530215154585,0.9831042643922012
12.712712712712714,0.0635,0.8441619740453962,0.9850175257297904
12.812812812812814,0.064,0.9508917231711788,0.9870575728883857
12.912912912912914,0.0645,0.9617054036837935,0.9894825677655568
13.013013013013014,0.065,0.9710709250604017,0.9919306176014223
13.113113113113114,0.0655,0.921461221022311,0.9948567169210264
13.213213213213214,0.066,0.9754452384076798,0.998075032694075
13.313313313313314,0.0665,0.9698042058658822,1.0015836250290466
13.413413413413414,0.067,0.897646466027312,1.0051074614983722
13.513513513513514,0.0675,0.9855783048254834,1.0089797752196297
13.613613613613614,0.068,0.9773048320602058,1.0128013508906175
13.713713713713714,0.0685,0.9871995368223567,1.017034013271325
13.813813813813814,0.069,0.9884731944262998,1.0214474406470302
13.913913913913914,0.0695,0.9930087550687446,1.0259131024817623
14.014014014014014,0.07,0.9716147570348552,1.030831258246361
14.114114114114114,0.0705,0.9842463700526862,1.035685792637347
14.214214214214214,0.071,0.9978537021210971,1.040480430666273
14.314314314314316,0.0715,0.999211421462829,1.04598737686979
14.414414414414416,0.072,0.973586018377522,1.0512419990802684
14.514514514514516,0.0725,0.9990165424692268,1.056526529904623
14.614614614614617,0.073,0.9995937061592215,1.0616439579028216
14.714714714714717,0.0735,0.9828107307542175,1.0671976039690871
14.814814814814817,0.074,0.9992400255493216,1.0725481208770309
14.914914914914917,0.0745,0.9997606595681752,1.0769768483528692
15.015015015015017,0.075,0.9989457622321705,1.0809635630176304
15.115115115115117,0.0755,0.9998390685345138,1.0839490984117606
15.215215215215215,0.076,0.9999425280556806,1.08580821316997
15.315315315315315,0.0765,0.9998530582660504,1.0865152669022224
15.415415415415415,0.077,0.9999547483672241,1.0856720084478046
15.515515515515515,0.0775,0.9999590079753642,1.084280341631881
15.615615615615615,0.078,0.9999149857391012,1.0816357383173414
15.715715715715715,0.0785,0.9999736732259846,1.0771894265019952
15.815815815815816,0.079,0.9999814788844915,1.0720052338917234
15.915915915915916,0.0795,0.9999763565756943,1.066289166887477
16.016016016016017,0.08,0.999990067446513,1.059053427009566
16.116116116116117,0.0805,0.99998394040287,1.053067475502681
16.216216216216218,0.081,0.9999847310420654,1.0471099539354012
16.316316316316318,0.0815,0.9999931283890517,1.041513978027635
16.416416416416418,0.082,0.9999908650465535,1.0362169553672251
16.516516516516518,0.0825,0.9999911793986003,1.0316067510518647
16.616616616616618,0.083,0.9999939373508424,1.0270655560455635
16.716716716716718,0.0835,0.999993995364016,1.0231836294341665
16.816816816816818,0.084,0.999993152387484,1.0195629681961689
16.916916916916918,0.0845,0.9999983748707605,1.0160932028079495
17.017017017017018,0.085,0.999997315611115,1.012730751048462
17.117117117117118,0.0855,0.9999982224347654,1.0092642709013293
17.217217217217218,0.086,0.999991973380818,1.0064908507780281
17.31731731731732,0.0865,0.9999943648536843,1.0035663016880847
17.41741741741742,0.087,0.9999916716230723,1.001005388509929
17.51751751751752,0.0875,0.959996334757311,0.9983422408185921
17.61761761761762,0.088,0.9599958398101046,0.995560947024567
17.71771771771772,0.0885,0.9999942094095904,0.9927815728723698
17.81781781781782,0.089,0.9999940300139091,0.9902058236331034
17.91791791791792,0.0895,0.999991009119517,0.987303679190522
18.01801801801802,0.09,0.9999949316809779,0.9844694655882175
18.11811811811812,0.0905,0.9999887870437696,0.9813878271865503
18.21821821821822,0.091,0.9999970005790394,0.977748607831603
18.31831831831832,0.0915,0.9999762206982298,0.9738031564838011
18.41841841841842,0.092,0.9999889896211268,0.9699349919472933
18.51851851851852,0.0925,0.9999950002631302,0.9651527336715446
18.61861861861862,0.093,0.9999740625661647,0.9604393735699447
18.71871871871872,0.0935,0.9999682778520925,0.9557980862107137
18.81881881881882,0.094,0.9999878664212847,0.9501994253236846
18.91891891891892,0.0945,0.9999668506258174,0.94410450315802
19.01901901901902,0.095,0.9999853809373452,0.9369993360104026
19.11911911911912,0.0955,0.9999683657082113,0.9302633112016807
19.21921921921922,0.096,0.9998238284319133,0.9236751946474974
19.31931931931932,0.0965,0.9999802509915189,0.9166346213123633
19.41941941941942,0.097,0.9999699634714011,0.9089688761250336
19.51951951951952,0.0975,0.9999121610986876,0.9025658181139816
19.61961961961962,0.098,0.9999536227021271,0.8965791788158209
19.71971971971972,0.0985,0.9999345433946465,0.8907722446047929
19.81981981981982,0.099,0.999546580627552,0.886180300912304
19.91991991991992,0.0995,0.9999800921256043,0.8825175780446325
20.02002002002002,0.1,0.9998794528493546,0.8795060455682066
20.12012012012012,0.1005,0.9998997813572441,0.8775937274564205
20.22022022022022,0.101,0.9998654073361365,0.8767950502878157
20.32032032032032,0.1015,0.9996652076363176,0.8769751086235782
20.42042042042042,0.102,0.9999171658570117,0.8774304845468393
20.52052052052052,0.1025,0.9991969856923276,0.8777478960784393
20.62062062062062,0.103,0.9996249049069883,0.878619561098505
20.72072072072072,0.1035,0.9998973392131422,0.8800245203064523
20.82082082082082,0.104,0.9998497573017384,0.880962204521499
20.92092092092092,0.1045,0.9997705117041161,0.8822247160311938
21.02102102102102,0.105,0.9999112526753016,0.8829658046705153
21.12112112112112,0.1055,0.9996905800399213,0.8837610633593194
21.22122122122122,0.106,0.999864520892952,0.8845946651920085
21.32132132132132,0.1065,0.9987420754038929,0.8846105487030704
21.421421421421424,0.107,0.9998052993236206,0.885096753590161
21.521521521521525,0.1075,0.9999284405182336,0.885799217012933
21.621621621621625,0.108,0.9998599132501022,0.8860012983478232
21.721721721721725,0.1085,0.9997179545397885,0.8869095586092086
21.821821821821825,0.109,0.9999354949835042,0.8870259317475786
21.921921921921925,0.1095,0.9998834553180542,0.8872498816540889
22.022022022022025,0.11,0.9999296294759222,0.8874116112866602
22.122122122122125,0.1105,0.9998987672418727,0.8874541361987583
22.222222222222225,0.111,0.9997966149536679,0.8874364314823491
22.322322322322325,0.1115,0.9995661528421411,0.8874683838340999
22.422422422422425,0.112,0.9991322649155241,0.8874402563632879
22.522522522522525,0.1125,0.9986481193721539,0.8873074784558183
22.622622622622625,0.113,0.9981758225969386,0.8872071930481316
22.722722722722725,0.1135,0.9991079516153798,0.8870975294092307
22.822822822822825,0.114,0.9988411380274675,0.8869558308022765
22.922922922922925,0.1145,0.9984885423157615,0.8868194736177091
23.023023023023026,0.115,0.9904281815300031,0.8868316890014888
23.12312312312313,0.1155,0.9964235340331651,0.8867165699840994
23.223223223223226,0.116,0.9981706619664642,0.8866824782417017
23.32332332332333,0.1165,0.893760310627389,0.8865686599351164
23.423423423423426,0.117,0.997988034007028,0.8867166784476921
23.52352352352353,0.1175,0.9948977684283484,0.8868851096050134
23.623623623623622,0.118,0.9967167964106599,0.8874452317039141
23.72372372372373,0.1185,0.9972822932710996,0.8873586444455164
23.823823823823822,0.119,0.9973429411615707,0.8875890431153375
23.92392392392393,0.1195,0.9953684938576535,0.887783202843644
24.024024024024023,0.12,0.9938668942843678,0.8883992837733372
24.12412412412413,0.1205,0.998352022200547,0.8887675212892288
24.224224224224223,0.121,0.9886846035025387,0.8893376379101169
24.324324324324326,0.1215,0.9975703582149675,0.8900594575873607
24.424424424424423,0.122,0.9968785606429793,0.8907294245012852
24.524524524524526,0.1225,0.9965175715670148,0.8912958613756657
24.624624624624627,0.123,0.9181551856002728,0.8921171529720155
24.724724724724727,0.1235,0.9965060457039767,0.8928985576616036
24.824824824824827,0.124,0.9990253050021782,0.8937861159621604
24.924924924924927,0.1245,0.9987259702237882,0.894831272239756
25.025025025025027,0.125,0.99690812028711,0.8959197835896993
25.125125125125127,0.1255,0.9966529885181821,0.8970683551710285
25.225225225225227,0.126,0.9981724265056472,0.8982745919342071
25.325325325325327,0.1265,0.9979324473932735,0.899534546135643
25.425425425425427,0.127,0.9992684093566808,0.9009171528755355
25.525525525525527,0.1275,0.9991478401577162,0.9025001681506253
25.625625625625627,0.128,0.9982423595837695,0.9041402282124503
25.725725725725727,0.1285,0.9987461640586582,0.905854119684211
25.825825825825827,0.129,0.9994314883875226,0.9077088304917005
25.925925925925927,0.1295,0.9577786987937764,0.9097308673048019
26.026026026026027,0.13,0.9987618750577972,0.9118005749181446
26.126126126126128,0.1305,0.9998089554627083,0.9143545670818742
26.226226226226228,0.131,0.9975331052229524,0.9173269422046323
26.326326326326328,0.1315,0.9997338625522606,0.9210868754081158
26.426426426426428,0.132,0.9997348857274505,0.9250735785577181
26.526526526526528,0.1325,0.9977441015213617,0.9297156190336107
26.626626626626628,0.133,0.9997783908790349,0.9350490940338859
26.726726726726728,0.1335,0.9997213134936435,0.9413601395466888
26.826826826826828,0.134,0.9982119693512239,0.9489591408546242
26.926926926926928,0.1345,0.9997486689234343,0.9581907183858592
27.027027027027028,0.135,0.9998582450016815,0.9692559161371476
27.127127127127128,0.1355,0.9994442493193948,0.9829126499149854
27.227227227227228,0.136,0.9998317619098976,0.9968044833304651
27.32732732732733,0.1365,0.9998427848899557,1.0127195347952223
27.42742742742743,0.137,0.9992899592365307,1.0275535986388897
27.52752752752753,0.1375,0.9998834949339305,1.0368203654424075
27.62762762762763,0.138,0.9998302852787779,1.042466210086145
27.72772772772773,0.1385,0.999444578035243,1.044066275061158
27.82782782782783,0.139,0.9998497175294747,1.040404128498317
27.92792792792793,0.1395,0.999835960784482,1.034277188190272
28.02802802802803,0.14,0.9995239415008768,1.0264929155271216
28.12812812812813,0.1405,0.9998346641589003,1.0184228810051186
28.22822822822823,0.141,0.9998393886547136,1.0107637730046692
28.32832832832833,0.1415,0.9996159805088152,1.0043530543970203
28.42842842842843,0.142,0.9999000883298786,0.9979663158624623
28.52852852852853,0.1425,0.9998257774922485,0.993252655878451
28.62862862862863,0.143,0.999649976395142,0.988382924951983
28.72872872872873,0.1435,0.999947932113015,0.9844830908418687
28.82882882882883,0.144,0.999905122282263,0.9812520233900809
28.92892892892893,0.1445,0.9992577264161377,0.9784132137713557
29.02902902902903,0.145,0.9999153387321341,0.9758530188254065
29.12912912912913,0.1455,0.9999254657485966,0.9736633476137116
29.22922922922923,0.146,0.998831303684795,0.9716733443722367
29.32932932932933,0.1465,0.9999444264767489,0.9698797789670329
29.42942942942943,0.147,0.9999319382246888,0.9683667403308371
29.52952952952953,0.1475,0.9995709827282976,0.9669396057953464
29.62962962962963,0.148,0.99988004633825,0.9655435051867866
29.72972972972973,0.1485,0.9999447973347153,0.9642999846628781
29.82982982982983,0.149,0.999871269755528,0.9630767005539573
29.929929929929934,0.1495,0.9999175512644193,0.9618866194166056
30.030030030030037,0.15,0.9997233041622393,0.9607100054848849
30.130130130130134,0.1505,0.9993730748721488,0.9595505517371142
30.230230230230237,0.151,0.999876273582972,0.9584393149870123
30.330330330330334,0.1515,0.9997876699943267,0.9572830238445456
30.430430430430437,0.152,0.9997820013762033,0.9560712086249343
30.53053053053053,0.1525,0.9998392838421292,0.9548775437886
30.630630630630638,0.153,0.9998642143410654,0.9536049446822752
30.73073073073073,0.1535,0.9995170928597791,0.952325391514287
30.830830830830838,0.154,0.9997468009929562,0.9511319868445747
30.93093093093093,0.1545,0.9993635505562285,0.9499276444346911
31.031031031031038,0.155,0.9993448303946526,0.948674968674534
31.13113113113113,0.1555,0.9986219336353102,0.9475874232474243
31.231231231231234,0.156,0.9983124188129611,0.9465479500931258
31.33133133133133,0.1565,0.9992024641602143,0.9453621818161511
31.431431431431434,0.157,0.9990190406450133,0.9442752027437878
31.53153153153153,0.1575,0.998135462195294,0.9432193669488163
31.631631631631635,0.158,0.9957970414556451,0.942144299845334
31.73173173173173,0.1585,0.9869801750613143,0.9411193343768266
31.831831831831835,0.159,0.9960147106361065,0.9401270585928548
31.93193193193193,0.1595,0.9399180918824918,0.9390825654955431
32.032032032032035,0.16,0.9952897604563452,0.9378906648732422
32.132132132132135,0.1605,0.9784859944439914,0.9367118199304472
32.232232232232235,0.161,0.9776265283489597,0.9354669650657071
32.332332332332335,0.1615,0.943179930169633,0.9342023504636198
32.432432432432435,0.162,0.9049537494858728,0.9326837788384016
32.532532532532535,0.1625,0.8985266325947917,0.931038209084758
32.632632632632635,0.163,0.8991552050507786,0.928764917562928
32.732732732732735,0.1635,0.8855111961968741,0.9264778832380044
32.832832832832835,0.164,0.9270824611155174,0.9237796021920285
32.932932932932935,0.1645,0.9858152501248137,0.9208834760388825
33.03303303303304,0.165,0.9897852811978706,0.917343626070055
33.133133133133136,0.1655,0.9855712111927984,0.9132912610641081
33.23323323323324,0.166,0.9950583125201294,0.9086139256626686
33.333333333333336,0.1665,0.9788453184017976,0.9035491774887967
33.43343343343344,0.167,0.9952246722282619,0.8978033908631969
33.533533533533536,0.1675,0.9975557620158285,0.8918835510574852
33.63363363363364,0.168,0.9990331599992531,0.8850528622772827
33.733733733733736,0.1685,0.9984732958844913,0.877281334350472
33.83383383383384,0.169,0.9992900098226994,0.8689209183696606
33.933933933933936,0.1695,0.9989717617646999,0.8601108712307751
34.03403403403404,0.17,0.9992276408558141,0.8501331689966986
34.134134134134136,0.1705,0.9989282726469262,0.83925048019684
34.23423423423424,0.171,0.9996201189257321,0.8282489855368419
34.334334334334336,0.1715,0.9966713198551805,0.8168173052917179
34.43443443443444,0.172,0.9995771080195045,0.8043589379268404
34.53453453453454,0.1725,0.9964323262702256,0.7916374475356481
34.63463463463464,0.173,0.9996815329087902,0.7795239066148734
34.73473473473474,0.1735,0.999487163087057,0.7661693198520464
34.83483483483484,0.174,0.9997986866310171,0.7539301980358268
34.93493493493494,0.1745,0.999753617098498,0.7433246242378244
35.03503503503504,0.175,0.9997522902920146,0.7356169067942514
35.13513513513514,0.1755,0.9997040056113603,0.7294664160457587
35.23523523523524,0.176,0.9998694087748804,0.7272208806296829
35.33533533533534,0.1765,0.9999258982911577,0.727752777242216
35.43543543543544,0.177,0.9999395726387798,0.7306100643866995
35.53553553553554,0.1775,0.9999617116117935,0.7357836871736161
35.63563563563564,0.178,0.9999629754407323,0.7442099696465635
35.73573573573574,0.1785,0.9999699838800704,0.7529730042848103
35.83583583583584,0.179,0.9999707036303627,0.7641860848600626
35.93593593593594,0.1795,0.9999646254990515,0.7765611890627991
36.03603603603604,0.18,0.9999606123625258,0.7899113173987258
36.13613613613614,0.1805,0.9999583094955519,0.8031794253577998
36.23623623623624,0.181,0.9999059015845819,0.8139207952854371
36.33633633633634,0.1815,0.9999070190187308,0.8244077152651337
36.43643643643644,0.182,0.9999292226979425,0.8367278564142098
36.53653653653654,0.1825,0.9999270642044357,0.8472923936399664
36.63663663663664,0.183,0.9998128090044758,0.8566602906007054
36.73673673673674,0.1835,0.9998522610544501,0.8667736498228867
36.83683683683684,0.184,0.999729479705203,0.8752724798214987
36.93693693693694,0.1845,0.9998728456874656,0.8837645202188434
37.03703703703704,0.185,0.999482910938476,0.8913746895325031
37.13713713713714,0.1855,0.9998297172413507,0.8992886535790392
37.23723723723724,0.186,0.9998993144866349,0.906528757905916
37.33733733733734,0.1865,0.9597048999428446,0.9125369826360475
37.43743743743744,0.187,0.9584832152001662,0.9189745750691088
37.53753753753754,0.1875,0.9598456758326895,0.9249604832159304
37.63763763763764,0.188,0.9596262199607629,0.9319265019676014
37.73773773773774,0.1885,0.9998150527490456,0.9381301344257454
37.83783783783784,0.189,0.9997454765854832,0.9451322593521224
37.93793793793794,0.1895,0.9998480039180637,0.9519417030023916
38.03803803803804,0.19,0.999640350266689,0.9596601180814253
38.13813813813814,0.1905,0.9997446875974575,0.9681219856000362
38.23823823823824,0.191,0.9996543588103884,0.9771597119556531
38.33833833833834,0.1915,0.9997759560446261,0.9878592993080684
38.43843843843844,0.192,0.9998633480212002,0.9988228789174974
38.53853853853854,0.1925,0.9997232893209729,1.0107589864727806
38.63863863863864,0.193,0.99966284734211,1.022867677181895
38.73873873873874,0.1935,0.9997157384747285,1.0353575521848228
38.83883883883884,0.194,0.9991315579516936,1.0471043784171428
38.93893893893894,0.1945,0.9993618838378463,1.0596021836943745
39.03903903903904,0.195,0.9995614993337092,1.0729980942787969
39.13913913913914,0.1955,0.9993685793274314,1.085989457306607
39.23923923923924,0.196,0.9995387226882378,1.0965796599594166
39.33933933933934,0.1965,0.9981823458529894,1.1079554294895573
39.43943943943944,0.197,0.9989626476763559,1.11380777120084
39.53953953953954,0.1975,0.998529187585369,1.1185726070204571
39.63963963963964,0.198,0.9991013389763264,1.1217623227563298
39.73973973973974,0.1985,0.9961430492624335,1.1238506685382619
39.83983983983984,0.199,0.9968559313181431,1.122281848188602
39.93993993993994,0.1995,0.9977791219360799,1.11982280725447
40.04004004004004,0.2,0.9971061134575397,1.1155442355532377
40.14014014014014,0.2005,0.9887338731441884,1.1111453347835927
40.24024024024024,0.201,0.9984715193534105,1.1050899365002194
40.34034034034034,0.2015,0.9950808925798548,1.0991496615678067
40.44044044044044,0.202,0.995301960633598,1.0923843686096004
40.54054054054054,0.2025,0.992645980692612,1.086032110657967
40.64064064064064,0.203,0.9902167948663221,1.079551583820561
40.74074074074074,0.2035,0.9931769961263974,1.0732897419847942
40.84084084084084,0.204,0.9867614884784482,1.067281017964051
40.94094094094094,0.2045,0.9104354796920202,1.0613130381156093
41.04104104104104,0.205,0.9902022176567078,1.0556506321464987
41.14114114114114,0.2055,0.9606708171329329,1.0495929013843381
41.24124124124124,0.206,0.937812718296922,1.0444240959834061
41.34134134134134,0.2065,0.958364895357575,1.0396777116888622
41.44144144144144,0.207,0.8857624598467754,1.03473249935252
41.54154154154154,0.2075,0.97722320999416,1.0301637636969196
41.64164164164164,0.208,0.969458334427366,1.0259559668498788
41.74174174174174,0.2085,0.9423597422289997,1.0216350542230457
41.84184184184184,0.209,0.9848632009982468,1.0176708217270387
41.94194194194194,0.2095,0.9758386386147826,1.0139108908747707
42.04204204204204,0.21,0.9703140904064458,1.0104580314564577
42.14214214214214,0.2105,0.9422229236321042,1.0069404512913445
42.24224224224224,0.211,0.9377226738056365,1.0037671329210345
42.34234234234234,0.2115,0.9673034279284964,1.0009045616471142
42.44244244244244,0.212,0.9776923621517517,0.9978453399826234
42.54254254254254,0.2125,0.9804155688700559,0.9949517480959067
42.64264264264264,0.213,0.9802414040688696,0.9922780680888684
42.74274274274275,0.2135,0.9844969338389873,0.9898905820412933
42.84284284284285,0.214,0.9821127500292451,0.9874866235649347
42.94294294294295,0.2145,0.9768668329415751,0.9848845104966073
43.04304304304305,0.215,0.9374834224685077,0.9828101121986562
43.14314314314315,0.2155,0.9526032903506689,0.9809076112821499
43.24324324324325,0.216,0.8731474377613152,0.9792472387065003
43.34334334334335,0.2165,0.8267392112037263,0.9776208076296071
43.44344344344345,0.217,0.8855855819302877,0.9757242718030702
43.54354354354355,0.2175,0.9407143671725506,0.9739685242169969
43.64364364364365,0.218,0.9808160791988128,0.9724824025158463
43.74374374374375,0.2185,0.976238409109039,0.9707938477969266
43.84384384384385,0.219,0.9857681722200066,0.9694396019037642
43.94394394394395,0.2195,0.9453728773486278,0.96757685360288
44.04404404404405,0.22,0.9830958741950034,0.9657881918348994
44.14414414414415,0.2205,0.9827124500062695,0.9641872362109484
44.24424424424425,0.221,0.9746454517561993,0.9622681253725134
44.34434434434435,0.2215,0.9840327528654932,0.9608833876687679
44.44444444444445,0.222,0.9955937168324634,0.9596438074771454
44.54454454454455,0.2225,0.9559103375455319,0.9578455001998154
44.64464464464465,0.223,0.9955595719954704,0.9561680719183295
44.74474474474475,0.2235,0.9963898964480837,0.9551012443523484
44.84484484484485,0.224,0.9976458261811662,0.9539706099745251
44.94494494494495,0.2245,0.9930235215930736,0.9531668417585181
45.04504504504505,0.225,0.9990484614191899,0.9528225258036549
45.14514514514515,0.2255,0.9991172722870992,0.9515017473590698
45.24524524524525,0.226,0.9863341540540423,0.9496851602590652
45.34534534534535,0.2265,0.9994612755843731,0.9501373411534408
45.44544544544545,0.227,0.9993867561519199,0.949626567434772
45.54554554554555,0.2275,0.9984888377809767,0.9505119823280944
45.64564564564565,0.228,0.9996919517684693,0.9520085684777341
45.74574574574575,0.2285,0.9995233116895438,0.954260674499289
45.84584584584585,0.229,0.9993241258949191,0.9579576886755803
45.94594594594595,0.2295,0.9995239316579242,0.9620810545869832
46.04604604604605,0.23,0.9998451570721985,0.9685784035446188
46.14614614614615,0.2305,0.9997446181641049,0.9754472113804209
46.24624624624625,0.231,0.999670272174929,0.9851395489006096
46.34634634634635,0.2315,0.9998256302292529,0.9976011391502837
46.44644644644645,0.232,0.9997647572040863,1.01377207896749
46.54654654654655,0.2325,0.9997758364161297,1.032820012816109
46.64664664664665,0.233,0.999827611465333,1.0537927106046083
46.74674674674675,0.2335,0.9997989371575637,1.0792901495774385
46.84684684684685,0.234,0.9998460955318353,1.1103318862771157
46.94694694694695,0.2345,0.9997819293669227,1.1421882558237437
47.04704704704705,0.235,0.9596994136588378,1.1759653232714993
47.14714714714715,0.2355,0.9597541650206477,1.212817115963428
47.24724724724725,0.236,0.9592459184259698,1.245159117218916
47.34734734734735,0.2365,0.9598115679831315,1.2781143348618353
47.44744744744745,0.237,0.9997699607502861,1.3177602568326758
47.54754754754755,0.2375,0.9997130028606755,1.3565952943986133
47.64764764764765,0.238,0.9998329498261114,1.3857853079583617
47.74774774774775,0.2385,0.9995542815436614,1.4143732745650348
47.84784784784785,0.239,0.9996418954766155,1.4415009849580942
47.94794794794795,0.2395,0.9997746205628042,1.4758425846538274
48.04804804804805,0.24,0.999833849924306,1.498313565331807
48.14814814814815,0.2405,0.9977599333622126,1.5169351910645426
48.24824824824825,0.241,0.9997013056112831,1.5259669562312759
48.34834834834835,0.2415,0.9997245315728139,1.534689544610626
48.44844844844845,0.242,0.9935511872432025,1.5433963131482225
48.54854854854855,0.2425,0.9997405518129941,1.5491066549097046
48.64864864864865,0.243,0.999681890244922,1.5532204786018615
48.74874874874875,0.2435,0.9995359130545971,1.5554948329286025
48.84884884884885,0.244,0.9994446542650245,1.5564808129334597
48.94894894894895,0.2445,0.9998633647088702,1.5639562859583809
49.04904904904905,0.245,0.999838385945183,1.5649236308458374
49.14914914914915,0.2455,0.9998646968225958,1.565401376011232
49.24924924924925,0.246,0.9998428280645391,1.5628132397161838
49.34934934934935,0.2465,0.9998067885367906,1.5596532977129702
49.44944944944945,0.247,0.9997611462508825,1.5553356790365256
49.54954954954955,0.2475,0.9997621439152907,1.5443405667341905
49.64964964964965,0.248,0.9995442565043442,1.5344219816168037
49.74974974974975,0.2485,0.9995281919308805,1.5242161031618624
49.84984984984985,0.249,0.9969939498992112,1.5119199787741104
49.94994994994995,0.2495,0.9990635608291081,1.4989870723996255
50.05005005005005,0.25,0.9989001920320506,1.4828679121798836
50.15015015015016,0.2505,0.9989479194634291,1.4688272460665597
50.250250250250254,0.251,0.9984115918616895,1.4542259624422293
50.350350350350354,0.2515,0.998119208726659,1.4392874448196162
50.45045045045045,0.252,0.9969714688178732,1.4233120065569822
50.55055055055056,0.2525,0.9977849974232045,1.4067978487830972
50.650650650650654,0.253,0.9987179434220357,1.3893392141202634
50.750750750750754,0.2535,0.9934749918106229,1.372155592034562
50.85085085085085,0.254,0.9984978797532834,1.3555422202212353
50.95095095095096,0.2545,0.9911655380461779,1.3407155398742756
51.051051051051054,0.255,0.997710578116968,1.3254432882706229
51.151151151151154,0.2555,0.9866899657470634,1.3118518589131187
51.25125125125125,0.256,0.9953761349611568,1.3004454223176376
51.35135135135136,0.2565,0.9867816086798625,1.2886018525604337
51.451451451451454,0.257,0.9703443113845316,1.276505218973029
51.55155155155156,0.2575,0.9854344493846976,1.2663591303954083
51.651651651651655,0.258,0.9891854498857903,1.256052708123432
51.75175175175176,0.2585,0.9900536696465381,1.2455765668184022
51.851851851851855,0.259,0.9908633654939111,1.2364919340850768
51.95195195195196,0.2595,0.9579305853584299,1.2278679675531687
52.052052052052055,0.26,0.9311201195480651,1.2207827556655682
52.15215215215216,0.2605,0.9776031372251143,1.2142565093708257
52.252252252252255,0.261,0.9209559109058217,1.2089653059055554
52.35235235235236,0.2615,0.8793486689031156,1.2036287259782525
52.452452452452455,0.262,0.9386652564004986,1.1987127728668752
52.55255255255256,0.2625,0.8848364581487007,1.1942926752853826
52.652652652652655,0.263,0.8051123010132134,1.1895368800939903
52.75275275275276,0.2635,0.9091096189538539,1.1855325465249142
52.852852852852855,0.264,0.9251069072724674,1.1819350548037981
52.95295295295296,0.2645,0.9472165077365262,1.1783414961459115
53.053053053053056,0.265,0.8626830027259738,1.1749201619422447
53.15315315315316,0.2655,0.9943282578790648,1.1717045170785014
53.253253253253256,0.266,0.9953331692464631,1.1683119176770438
53.35335335335336,0.2665,0.9969580469946057,1.1650291591013233
53.453453453453456,0.267,0.9985107711891692,1.1614543449315458
53.55355355355356,0.2675,0.9977673981060441,1.1580695408845068
53.653653653653656,0.268,0.9985778772429813,1.1547032902370695
53.75375375375376,0.2685,0.9982430704662483,1.151291787932016
53.853853853853856,0.269,0.9971185934018747,1.147942712124358
53.95395395395396,0.2695,0.9995582759624122,1.1445023808179926
54.054054054054056,0.27,0.99628578810226,1.141156863420589
54.15415415415416,0.2705,0.9994792965869516,1.1378403944276099
54.254254254254256,0.271,0.9980071740825182,1.134519777514972
54.35435435435436,0.2715,0.9990921132326197,1.1312529576450854
54.454454454454456,0.272,0.9997146772177197,1.1281701037468912
54.55455455455456,0.2725,0.9979427354012946,1.1250097199654951
54.65465465465466,0.273,0.9993116961243562,1.1221563897574072
54.75475475475476,0.2735,0.999375997939553,1.1194385175699124
54.85485485485486,0.274,0.9986081717634601,1.116888230221702
54.95495495495496,0.2745,0.9996041833044196,1.1144377426377323
55.05505505505506,0.275,0.9995650107370159,1.1121357793209599
55.15515515515516,0.2755,0.9993609982712389,1.1099295798709823
55.25525525525526,0.276,0.9988245919758991,1.1077851038292985
55.35535535535536,0.2765,0.9996128812542148,1.105707564046239
55.45545545545546,0.277,0.999562514878531,1.1038207538791145
55.55555555555556,0.2775,0.9992837246124131,1.1018694424247648
55.65565565565566,0.278,0.9996493452663533,1.1002527109126965
55.75575575575576,0.2785,0.997559107783944,1.098153609239686
55.85585585585586,0.279,0.9982745157014834,1.0957941145922963
55.95595595595596,0.2795,0.998879626364049,1.0928883803388612
56.05605605605606,0.28,0.9996161937649213,1.0910284433555564
56.15615615615616,0.2805,0.9986413899970472,1.0885910816642739
56.25625625625626,0.281,0.998359263200205,1.0852392348397535
56.35635635635636,0.2815,0.9992750999218681,1.0820942631166217
56.45645645645646,0.282,0.9973679051325379,1.0782266419278728
56.55655655655656,0.2825,0.9993762136770538,1.0759999391005997
56.65665665665666,0.283,0.9991974753776651,1.0728464660236148
56.75675675675676,0.2835,0.9988007937570775,1.0704443908784094
56.85685685685686,0.284,0.9993829765468933,1.069097802574773
56.95695695695696,0.2845,0.9974769583107596,1.0695625782485731
57.05705705705706,0.285,0.9976561390054952,1.0722730998335064
57.15715715715716,0.2855,0.9978089185496922,1.078109862614866
57.25725725725726,0.286,0.9979076666820488,1.0929512210592538
57.35735735735736,0.2865,0.9970237893023588,1.120969134838756
57.45745745745746,0.287,0.996780533296089,1.1586298093140068
57.55755755755756,0.2875,0.993787296234524,1.1992534345723598
57.65765765765766,0.288,0.990924343782535,1.2463353978761538
57.75775775775776,0.2885,0.9947637510962051,1.2809731694390551
57.85785785785786,0.289,0.9971651137191053,1.3018920813739814
57.95795795795796,0.2895,0.9980185512247849,1.3155164168779303
58.05805805805806,0.29,0.9988336518582237,1.315498821594333
58.15815815815816,0.2905,0.9983818533021516,1.3192289857378467
58.25825825825826,0.291,0.9991562785300891,1.3130998842660417
58.35835835835836,0.2915,0.9972641196867821,1.310634706593303
58.45845845845846,0.292,0.9992963173981816,1.3090809812651953
58.55855855855856,0.2925,0.9990354478803265,1.307945696998336
58.65865865865866,0.293,0.9990703840646608,1.3079650882715939
58.75875875875876,0.2935,0.9994446535608401,1.3050596989217005
58.85885885885886,0.294,0.9983421359063043,1.3039848163542007
58.95895895895896,0.2945,0.9994585335579219,1.3055323290997611
59.05905905905906,0.295,0.9984276305116091,1.3070655552899129
59.15915915915916,0.2955,0.9990022736114176,1.3086411051116573
59.25925925925926,0.296,0.9991839405762195,1.309198631654626
59.35935935935936,0.2965,0.9947608467831361,1.312097921798471
59.45945945945946,0.297,0.9965363857458971,1.316135066792443
59.55955955955956,0.2975,0.99671882631501,1.3200859690393774
59.65965965965966,0.298,0.9978890338829934,1.3241986005504438
59.75975975975976,0.2985,0.9978244176496409,1.329533579077717
59.85985985985987,0.299,0.9975529014284034,1.3343046063798691
59.95995995995997,0.2995,0.9945848405560698,1.339462128984994
60.06006006006007,0.3,0.981611982846131,1.3446840545783454
60.16016016016017,0.3005,0.9975386592940293,1.3499044978079522
60.26026026026027,0.301,0.9954514825120019,1.3554946561729102
60.36036036036037,0.3015,0.960168876216597,1.361069346652027
60.46046046046047,0.302,0.9804383263444862,1.3664578988845488
60.56056056056057,0.3025,0.9938079436739571,1.372117417588692
60.66066066066067,0.303,0.9846271575129593,1.377187580097335
60.76076076076077,0.3035,0.9785545928785041,1.3825859945724763
60.86086086086087,0.304,0.9807870296241972,1.387915122830222
60.96096096096097,0.3045,0.9868679101278514,1.3932788019358573
61.06106106106107,0.305,0.9253678986108,1.397241253996129
61.16116116116117,0.3055,0.8731774077165914,1.4009734045347768
61.26126126126127,0.306,0.9127195416843769,1.4046601174556548
61.36136136136137,0.3065,0.899668261591939,1.4081936081365345
61.46146146146147,0.307,0.9314980101050935,1.411773303884881
61.56156156156157,0.3075,0.915920537712342,1.4140462907823486
61.66166166166167,0.308,0.9323525973318343,1.4171099417102355
61.76176176176177,0.3085,0.8351043996222012,1.4199241557611637
61.86186186186187,0.309,0.9395817335844089,1.423049543152189
61.96196196196197,0.3095,0.9470211758650394,1.4248817783802652
62.06206206206207,0.31,0.8766084811413276,1.4277835316375092
62.16216216216217,0.3105,0.9022635507862026,1.4306693629979783
62.26226226226227,0.311,0.9233251047250631,1.4330504305766067
62.36236236236237,0.3115,0.9353910964783462,1.4358748321187156
62.46246246246247,0.312,0.9479787491663723,1.438714641711638
62.56256256256257,0.3125,0.9709137442249335,1.4418461088120957
62.66266266266267,0.313,0.9785100918554922,1.4443474217491858
62.76276276276277,0.3135,0.985926875869455,1.4467492865799907
62.86286286286287,0.314,0.9902055874454831,1.4483790651419726
62.96296296296297,0.3145,0.9912330779315839,1.4503933554804864
63.06306306306307,0.315,0.9904069736899465,1.4528769601250069
63.16316316316317,0.3155,0.990265280081765,1.4538298901659557
63.26326326326327,0.316,0.9969187524484789,1.4585084818721956
63.36336336336337,0.3165,0.9990839331143797,1.4616751745860523
63.46346346346347,0.317,0.998196319912739,1.4641090857122718
63.56356356356357,0.3175,0.9987481888696308,1.4676657234847188
63.66366366366367,0.318,0.9984144660195926,1.4693847400490736
63.76376376376377,0.3185,0.9962652901490877,1.4750317919149374
63.86386386386387,0.319,0.9597642976996803,1.4806028213402898
63.96396396396397,0.3195,0.9982470196874632,1.4842637244022043
64.06406406406407,0.32,0.9967327031320106,1.4887493725067207
64.16416416416416,0.3205,0.9983269837920763,1.495688339842948
64.26426426426427,0.321,0.9402566676573596,1.50473004254141
64.36436436436436,0.3215,0.9982296225841361,1.5135125761507535
64.46446446446447,0.322,0.9973872868380715,1.5199176272549426
64.56456456456456,0.3225,0.9987405824667739,1.5279955309832665
64.66466466466467,0.323,0.9577381193799687,1.5361357881717013
64.76476476476476,0.3235,0.9994386568649294,1.540502764668434
64.86486486486487,0.324,0.9996901946883591,1.546180664231179
64.96496496496496,0.3245,0.9962962560792741,1.549728401951119
65.06506506506507,0.325,0.9997719464056395,1.5507650434587374
65.16516516516516,0.3255,0.9997066909024158,1.5484469743994962
65.26526526526527,0.326,0.9994899243279132,1.542243918405924
65.36536536536536,0.3265,0.9998293707940167,1.528007276328351
65.46546546546547,0.327,0.9999106354632107,1.5072554281424733
65.56556556556556,0.3275,0.9993036063793465,1.4814544006576873
65.66566566566567,0.328,0.9998085003125133,1.4555655884521692
65.76576576576576,0.3285,0.99985173993959,1.4229184216806527
65.86586586586587,0.329,0.9998268646143125,1.394435190555141
65.96596596596596,0.3295,0.999869270387865,1.3575675695359275
66.06606606606607,0.33,0.9998142802667929,1.3284373373416014
66.16616616616616,0.3305,0.999875887750083,1.2978217449927498
66.26626626626627,0.331,0.9999148891949112,1.2682934139270954
66.36636636636636,0.3315,0.9995750409396519,1.239819375937765
66.46646646646647,0.332,0.9999288572842824,1.2150933725194195
66.56656656656656,0.3325,0.9999026404333992,1.1920137417761774
66.66666666666667,0.333,0.9999112131731167,1.1716058947378973
66.76676676676676,0.3335,0.9999524304641172,1.1522556007954974
66.86686686686687,0.334,0.9997413049159267,1.1338124846994804
66.96696696696696,0.3345,0.9999135556231014,1.1185233739060845
67.06706706706707,0.335,0.9999714120616909,1.1030639273935339
67.16716716716716,0.3355,0.9997908370771169,1.0889050357258312
67.26726726726727,0.336,0.9999639648881349,1.0759836589688527
67.36736736736736,0.3365,0.9999279350972605,1.0634059470196167
67.46746746746747,0.337,0.999944071095658,1.0523604792737238
67.56756756756756,0.3375,0.9599473548300098,1.0418479198519288
67.66766766766767,0.338,0.9597937467087226,1.031201230588016
67.76776776776777,0.3385,0.959941943427647,1.0208409885849394
67.86786786786787,0.339,0.9599443185294051,1.0093473272987088
67.96796796796797,0.3395,0.9598728699916014,0.997566681666001
68.06806806806807,0.34,0.9599353698558148,0.9850582379721586
68.16816816816817,0.3405,0.959838354874928,0.9724088907557649
68.26826826826827,0.341,0.9998346717549836,0.9595847149963822
68.36836836836838,0.3415,0.9997464282037343,0.9459590622523134
68.46846846846847,0.342,0.9998641106658083,0.9299700738115901
68.56856856856858,0.3425,0.9982911609035496,0.9147610893103361
68.66866866866867,0.343,0.9996882762322776,0.8966212708032092
68.76876876876878,0.3435,0.9991449057995913,0.877794472840725
68.86886886886887,0.344,0.9996595179738109,0.8580387720393668
68.96896896896898,0.3445,0.9993055466497406,0.8361527235743768
69.06906906906907,0.345,0.9981205238386981,0.8133323626408797
69.16916916916918,0.3455,0.9996104967720035,0.7904196535359771
69.26926926926927,0.346,0.9985652831862093,0.7658190545219462
69.36936936936938,0.3465,0.9993762217239364,0.7454457852450057
69.46946946946947,0.347,0.9993608931411322,0.7247664605969001
69.56956956956958,0.3475,0.9989739200629058,0.7069584458443651
69.66966966966967,0.348,0.9993307823015501,0.6945933851660694
69.76976976976978,0.3485,0.9977312765507587,0.6856892142532596
69.86986986986987,0.349,0.999091345576108,0.6840508158362426
69.96996996996998,0.3495,0.9964986138803519,0.685403046385657
70.07007007007007,0.35,0.9983255681005104,0.6933579683445124
70.17017017017018,0.3505,0.9973758910264411,0.7052992357007374
70.27027027027027,0.351,0.9978173488106562,0.7205602463628638
70.37037037037038,0.3515,0.995786621409225,0.7388098111563457
70.47047047047047,0.352,0.9932770953131262,0.7571419209603218
70.57057057057058,0.3525,0.9966691136061446,0.7789729639819416
70.67067067067067,0.353,0.9451973780359119,0.7981386392298293
70.77077077077078,0.3535,0.9884987456208093,0.8200919125087893
70.87087087087087,0.354,0.9777384573538545,0.8421154530722251
70.97097097097098,0.3545,0.9185015866947885,0.865049459858559
71.07107107107107,0.355,0.9497444440648585,0.8860376864926821
71.17117117117118,0.3555,0.983369912774524,0.9074345513170421
71.27127127127127,0.356,0.9813327536493075,0.9278450026971968
71.37137137137138,0.3565,0.9407904598244186,0.9467994914327039
71.47147147147147,0.357,0.8850655220754805,0.9659819644328236
71.57157157157158,0.3575,0.968906906864587,0.9841755147542491
71.67167167167167,0.358,0.9161380617637621,1.0017218591765293
71.77177177177178,0.3585,0.8734833884834903,1.0185936707545755
71.87187187187187,0.359,0.8274881037451803,1.0343354648630687
71.97197197197198,0.3595,0.8242182646610448,1.0498553792082328
72.07207207207207,0.36,0.7467203019778759,1.0640168604624323
72.17217217217218,0.3605,0.7444301562962582,1.0772401153197997
72.27227227227228,0.361,0.7410873306450891,1.0905119235931326
72.37237237237238,0.3615,0.7129294420038841,1.1023896266927917
72.47247247247248,0.362,0.5744362854743092,1.112107352916775
72.57257257257258,0.3625,0.5711106070597676,1.1208737904885557
72.67267267267268,0.363,0.39806097847870847,1.1288663222484574
72.77277277277278,0.3635,0.38346049817428024,1.1352855810401687
72.87287287287288,0.364,0.3281151633365235,1.1401058191164468
72.97297297297298,0.3645,0.36712972803620986,1.1438193818383824
73.07307307307308,0.365,0.445061242159549,1.1460211595678298
73.17317317317318,0.3655,0.4275859026460013,1.1467514238869745
73.27327327327328,0.366,0.5030410704210141,1.1471587739467426
73.37337337337338,0.3665,0.5529414646559713,1.1454652274489558
73.47347347347348,0.367,0.7215918545504185,1.143226997799861
73.57357357357358,0.3675,0.7073024898909495,1.139645318704711
73.67367367367368,0.368,0.7982926055672018,1.135368094588448
73.77377377377378,0.3685,0.7352012831390594,1.130873819532837
73.87387387387388,0.369,0.8095589553840177,1.1262646534728156
73.97397397397398,0.3695,0.8360587930633343,1.1218150579336108
74.07407407407408,0.37,0.9315710913596561,1.118335075186814
74.17417417417418,0.3705,0.9331125466050711,1.1146669935354845
74.27427427427428,0.371,0.8680412616019663,1.1114579528044988
74.37437437437438,0.3715,0.9691809627822259,1.108681099611345
74.47447447447448,0.372,0.8930269733749523,1.1070842646572765
74.57457457457458,0.3725,0.9698014153221992,1.1060274788687456
74.67467467467468,0.373,0.9173831889246132,1.1050384788500702
74.77477477477478,0.3735,0.9121079437536497,1.1051189046305943
74.87487487487488,0.374,0.9784531989369999,1.1058548821440546
74.97497497497498,0.3745,0.9939670855418548,1.10761036103917
75.07507507507508,0.375,0.985716623152875,1.1103144273903618
75.17517517517518,0.3755,0.99597634036271,1.113446784794128
75.27527527527528,0.376,0.9176011457795777,1.1180050488695474
75.37537537537538,0.3765,0.9970307425087512,1.1231620139970775
75.47547547547548,0.377,0.9984856022914937,1.1288940908320322
75.57557557557558,0.3775,0.9974864632370404,1.1360366322114568
75.67567567567568,0.378,0.9988575689872401,1.143029701363072
75.77577577577578,0.3785,0.9953592335294151,1.1514222218537338
75.87587587587588,0.379,0.9994393473552724,1.1611987636766987
75.97597597597598,0.3795,0.999289906133323,1.1721707487221076
76.07607607607608,0.38,0.9996313508128273,1.1843396950721483
76.17617617617618,0.3805,0.9997757970665292,1.1985709599357581
76.27627627627628,0.381,0.9995109332217335,1.214137367269039
76.37637637637638,0.3815,0.9998252181096183,1.2285713200929154
76.47647647647648,0.382,0.9997761399779312,1.2474545435832527
76.57657657657658,0.3825,0.9998612420286266,1.2662845906101312
76.67667667667668,0.383,0.9998320727280542,1.2907074184588356
76.77677677677679,0.3835,0.9998868324698954,1.31487749885614
76.87687687687688,0.384,0.9999322308850683,1.3351037214273191
76.97697697697699,0.3845,0.9998902681363521,1.3593831581553522
77.07707707707708,0.385,0.9999457475103997,1.3713297912079891
77.17717717717719,0.3855,0.9999227555035233,1.37952461021294
77.27727727727728,0.386,0.9999647060349711,1.3695936205411743
77.37737737737739,0.3865,0.9999529620659325,1.3317371067209844
77.47747747747748,0.387,0.9599217169313223,1.2839296577066321
77.57757757757759,0.3875,0.9599495823838994,1.2192897602837756
77.67767767767768,0.388,0.9599758226761265,1.1343445796338811
77.77777777777779,0.3885,0.9599337792262359,1.0518222898466725
77.87787787787788,0.389,0.9599070202321275,0.9859916946306723
77.97797797797799,0.3895,0.9598789221934019,0.9313210945101684
78.07807807807808,0.39,0.9598934788987386,0.8893155650423497
78.17817817817819,0.3905,0.9598910187974202,0.857520237843877
78.27827827827828,0.391,0.9598598527026455,0.8315716198510409
78.37837837837839,0.3915,0.9598522085829231,0.8137745792271045
78.47847847847848,0.392,0.9998438086342969,0.8004968651733549
78.57857857857859,0.3925,0.999844180916373,0.7904053205963715
78.67867867867868,0.393,0.999844624057066,0.7828066550426042
78.77877877877879,0.3935,0.9998944049258783,0.7769209300976844
78.87887887887888,0.394,0.9988847019852328,0.7712296281283213
78.97897897897899,0.3945,0.999793374276374,0.7664879934399468
79.07907907907908,0.395,0.9996516950168791,0.7613971028978866
79.17917917917919,0.3955,0.9995594603163291,0.7570944975912768
79.27927927927928,0.396,0.9996446729513266,0.7529098875744394
79.37937937937939,0.3965,0.9990787486989775,0.7483956338219625
79.47947947947948,0.397,0.9997663542582028,0.7435513886572843
79.57957957957959,0.3975,0.9984618797336842,0.7385466110236963
79.67967967967968,0.398,0.9997393377756122,0.7339213989725427
79.77977977977979,0.3985,0.9993110286950094,0.7287147537773377
79.87987987987988,0.399,0.9997077943458349,0.7234927660494623
79.97997997997999,0.3995,0.9983215903322444,0.7177868725666386
80.08008008008008,0.4,0.994500165366873,0.7117747885241893
80.18018018018019,0.4005,0.9993194901584751,0.7058580402005837
80.28028028028028,0.401,0.998449487290885,0.6989612040374095
80.38038038038039,0.4015,0.9988864793640544,0.6920751866105065
80.48048048048048,0.402,0.9993965760979984,0.6841526880968105
80.58058058058059,0.4025,0.9975522928779408,0.6758466830606897
80.68068068068068,0.403,0.9987528136156888,0.6678938566555073
80.78078078078079,0.4035,0.9873672628368009,0.6601788336902307
80.88088088088088,0.404,0.9983220159289862,0.6513567103370498
80.98098098098099,0.4045,0.9990135878380727,0.6440855610936271
81.08108108108108,0.405,0.9976557232160818,0.6347889333281141
81.18118118118119,0.4055,0.9989195448097525,0.6263204528407762
81.28128128128128,0.406,0.9862359116148305,0.6186567533337022
81.38138138138139,0.4065,0.9993465579222298,0.6115021618801375
81.48148148148148,0.407,0.9983692900903017,0.6038575704154253
81.58158158158159,0.4075,0.9994362438340044,0.5983293651354757
81.68168168168168,0.408,0.9993900369318446,0.591630988144036
81.78178178178179,0.4085,0.9994714906926362,0.5867026352863581
81.88188188188188,0.409,0.9993358803309534,0.5829386878268648
81.98198198198199,0.4095,0.9991358851596079,0.5795170622759406
82.08208208208208,0.41,0.9987717157329605,0.5771833918882524
82.18218218218219,0.4105,0.9969083691847256,0.575328673714908
82.28228228228228,0.411,0.9936361391536092,0.5747443380319472
82.38238238238239,0.4115,0.9883624326871565,0.5747292800215171
82.48248248248248,0.412,0.9724617685599536,0.5748292668612591
82.58258258258259,0.4125,0.9543494274263113,0.575406508069976
82.68268268268268,0.413,0.9015336505791843,0.5765159698460199
82.78278278278279,0.4135,0.9274915352614076,0.5771558189855078
82.88288288288288,0.414,0.9481273268348871,0.5785455872511123
82.98298298298299,0.4145,0.9571301911009564,0.5798885503377539
83.08308308308308,0.415,0.8927914079826523,0.58168173161766
83.18318318318319,0.4155,0.8339696450546217,0.5846325117425573
83.28328328328328,0.416,0.9518944385385067,0.5858201660631286
83.38338338338339,0.4165,0.9061376263133539,0.5869742517374921
83.48348348348348,0.417,0.9666141715199771,0.588789336776104
83.58358358358359,0.4175,0.9029699735226028,0.5898493822346393
83.68368368368368,0.418,0.9641641375015056,0.5914680190099338
83.78378378378379,0.4185,0.9542009063096707,0.5911462731775676
83.88388388388388,0.419,0.9819559289222205,0.5922764755963339
83.98398398398399,0.4195,0.9677571281491736,0.5925653769480255
84.08408408408408,0.42,0.9555567038786782,0.5945167749014206
84.18418418418419,0.4205,0.903098101967592,0.5965194880795373
84.28428428428428,0.421,0.9108186527790633,0.5981936333028403
84.38438438438439,0.4215,0.9210084651527037,0.6023575358526113
84.48448448448448,0.422,0.9320870179928966,0.606233413041759
84.58458458458459,0.4225,0.9711884921156364,0.6113063879615588
84.68468468468468,0.423,0.86088931881897,0.6167821589587809
84.78478478478479,0.4235,0.9918637717998648,0.6231532706416284
84.88488488488488,0.424,0.9763479348467297,0.6298820201636854
84.98498498498499,0.4245,0.9725703144391139,0.6389117685399422
85.08508508508508,0.425,0.9621503730689396,0.6484708185767182
85.18518518518519,0.4255,0.9409973057333885,0.6584384254109411
85.28528528528528,0.426,0.9741815952721272,0.6687238084448164
85.38538538538539,0.4265,0.9826950108752242,0.6786847428241757
85.4854854854855,0.427,0.9787553928079399,0.6890196775986762
85.58558558558559,0.4275,0.9532648329098814,0.6995577995014594
85.6856856856857,0.428,0.8904118746310339,0.7075517869532365
85.78578578578579,0.4285,0.9882985796393382,0.7152268642424061
85.8858858858859,0.429,0.958825584215975,0.7219738192245644
85.98598598598599,0.4295,0.9463508375431553,0.7267251344776052
86.0860860860861,0.43,0.9657591185569564,0.7312068259258472
86.18618618618619,0.4305,0.9322459710261147,0.736324049222643
86.2862862862863,0.431,0.9868640149143111,0.7386040693590322
86.38638638638639,0.4315,0.9892427348469274,0.7441612660553
86.4864864864865,0.432,0.9267223316799383,0.7489541804795982
86.58658658658659,0.4325,0.9770642659785375,0.7523852279703193
86.6866866866867,0.433,0.9355131369332256,0.7559876207533854
86.78678678678679,0.4335,0.9899890235315723,0.7602285868850409
86.8868868868869,0.434,0.9925430485491741,0.7649385656020042
86.98698698698699,0.4345,0.9960551484622543,0.7703604062970607
87.0870870870871,0.435,0.9938216347790556,0.7764131005176708
87.18718718718719,0.4355,0.993323038407266,0.7810391936621184
87.2872872872873,0.436,0.9953289779921849,0.78623550399439
87.38738738738739,0.4365,0.994319563942833,0.7908814309949735
87.4874874874875,0.437,0.997871266765975,0.7960874531903381
87.58758758758759,0.4375,0.9972278303563542,0.8010708988838722
87.6876876876877,0.438,0.9583809225100893,0.8068605311701887
87.78778778778779,0.4385,0.9982935194527627,0.8117851031165196
87.8878878878879,0.439,0.9989176418992209,0.8164531017188214
87.98798798798799,0.4395,0.9988906383448838,0.8207259531597493
88.0880880880881,0.44,0.9994808382732333,0.8247604995093544
88.18818818818819,0.4405,0.999442973207508,0.8282570119496262
88.2882882882883,0.441,0.99852503135107,0.8313897026153754
88.38838838838839,0.4415,0.9995559409938243,0.8339933049010052
88.4884884884885,0.442,0.998016595664464,0.8357734531304617
88.58858858858859,0.4425,0.9995806758871483,0.8368566313925744
88.6886886886887,0.443,0.9990934777956723,0.8368647844855147
88.78878878878879,0.4435,0.9994385710354233,0.8363871630314752
88.8888888888889,0.444,0.9991679705804306,0.8354379452547939
88.988988988989,0.4445,0.9994591009784145,0.8334483541380842
89.0890890890891,0.445,0.9994483161312157,0.8305680033235574
89.1891891891892,0.4455,0.9994887148731721,0.8272377862671231
89.2892892892893,0.446,0.9994022923228492,0.8235569215315024
89.3893893893894,0.4465,0.9987411203190331,0.8193581266247622
89.4894894894895,0.447,0.9994060926188082,0.8150199899658601
89.5895895895896,0.4475,0.9980234805577436,0.8105195581675202
89.6896896896897,0.448,0.9981540034455392,0.8066261809705844
89.7897897897898,0.4485,0.9939738397920496,0.8031947936804553
89.8898898898899,0.449,0.9976506819107719,0.7997131023527582
89.98998998999,0.4495,0.9944207078702951,0.7961272622241162
90.0900900900901,0.45,0.9834434398248477,0.7926260985951383
90.1901901901902,0.4505,0.9959677376292774,0.7892104398262872
90.2902902902903,0.451,0.9828051254709445,0.7854868693166157
90.3903903903904,0.4515,0.9958819993149248,0.7819984713693434
90.4904904904905,0.452,0.985104091012517,0.7778837463221002
90.5905905905906,0.4525,0.9462676147726998,0.7735442944294816
90.6906906906907,0.453,0.8935106252630208,0.7685418662444737
90.7907907907908,0.4535,0.9237641145409878,0.7627586868646281
90.8908908908909,0.454,0.9413332848405094,0.7572858964212676
90.990990990991,0.4545,0.9371220257987675,0.7513276756238523
91.0910910910911,0.455,0.8672443212727091,0.7455713853548981
91.1911911911912,0.4555,0.919932097195004,0.7383336669280106
91.2912912912913,0.456,0.8102395935531316,0.7308388350304708
91.3913913913914,0.4565,0.8067785426595276,0.7231807676972754
91.4914914914915,0.457,0.712173218944744,0.7158254028049754
91.5915915915916,0.4575,0.7542479652734145,0.7074936122655272
91.6916916916917,0.458,0.6887012755209935,0.6990340760306097
91.7917917917918,0.4585,0.7658213796833742,0.690875620162323
91.8918918918919,0.459,0.6940170888644538,0.6823106202987206
91.991991991992,0.4595,0.7115975273378061,0.6734913944991159
92.0920920920921,0.46,0.7555596942019502,0.6652590892790876
92.1921921921922,0.4605,0.710465136924364,0.6576457593599592
92.2922922922923,0.461,0.6926429517853789,0.6491382852041614
92.3923923923924,0.4615,0.7397815720210756,0.6417010689242514
92.4924924924925,0.462,0.7863472880628924,0.6340404286992467
92.5925925925926,0.4625,0.7214403338726375,0.6276916041595058
92.6926926926927,0.463,0.4665428473304353,0.6202733262858628
92.7927927927928,0.4635,0.6156436697470565,0.6139726080062088
92.8928928928929,0.464,0.6682808058880183,0.6080983459848627
92.992992992993,0.4645,0.6566215859767331,0.6031441104747292
93.0930930930931,0.465,0.661332627865198,0.5987588454374065
93.1931931931932,0.4655,0.7499155025777613,0.5946264381597144
93.2932932932933,0.466,0.8658172707182124,0.5914474258893151
93.3933933933934,0.4665,0.8046217657463933,0.5869989964407643
93.4934934934935,0.467,0.8621434169915367,0.5829392548344374
93.5935935935936,0.4675,0.8731832256829034,0.5801303049726029
93.6936936936937,0.468,0.8474344612812424,0.5767087645484578
93.7937937937938,0.4685,0.8883963249900317,0.5747735317947421
93.8938938938939,0.469,0.9564680660179177,0.5732588386172652
93.993993993994,0.4695,0.9576335592756879,0.5711034005604937
94.0940940940941,0.47,0.9403521548403765,0.5688930671969841
94.1941941941942,0.4705,0.9130705629132018,0.566511692776874
94.2942942942943,0.471,0.9714669869025789,0.5637805445926308
94.3943943943944,0.4715,0.9238286250251094,0.5620414587906792
94.4944944944945,0.472,0.9747564719296616,0.559598428481587
94.5945945945946,0.4725,0.9917361081820091,0.5579207644138974
94.6946946946947,0.473,0.9974206657352638,0.5548948506371074
94.7947947947948,0.4735,0.9980951748328754,0.5530543988229804
94.8948948948949,0.474,0.9941733657412477,0.5507327835994097
94.994994994995,0.4745,0.9923443020334181,0.547782568845971
