Time,Recurrence_Rate,Determinism,Entropy
0.0,0.3017283950617284,1.0,7.104797652323912
0.1001001001001001,0.2903703703703704,1.0,7.044015154219278
0.2002002002002002,0.27901234567901234,1.0,6.980581808494831
0.3003003003003003,0.26765432098765435,1.0,6.914257707276641
0.4004004004004004,0.2562962962962963,1.0,6.844769070239625
0.5005005005005005,0.2454320987654321,1.0,6.779098463983058
0.6006006006006006,0.2345679012345679,1.0,6.710303459954323
0.7007007007007008,0.2237037037037037,1.0,6.63807264171532
0.8008008008008008,0.21333333333333335,1.0,6.570457431475013
0.9009009009009008,0.20296296296296296,1.0,6.499517386526147
1.001001001001001,0.1925925925925926,1.0,6.424908607276719
1.1011011011011012,0.20493827160493827,1.0,6.757498121371785
1.2012012012012012,0.1945679012345679,1.0,6.696632681102449
1.3013013013013013,0.20641975308641974,1.0,7.003171385657508
1.4014014014014016,0.21777777777777776,1.0,7.074689685697061
1.5015015015015016,0.22864197530864197,1.0,7.070243511586348
1.6016016016016017,0.23901234567901233,1.0,7.025657910853842
1.7017017017017018,0.24888888888888888,1.0,6.957355370061279
1.8018018018018016,0.2582716049382716,1.0,6.8742948731070115
1.901901901901902,0.26765432098765435,1.0,6.785018599160762
2.002002002002002,0.2548148148148148,1.0,6.722218432346157
2.1021021021021022,0.2419753086419753,1.0,6.656612621151792
2.2022022022022023,0.22962962962962963,1.0,6.587546275208557
2.3023023023023024,0.21777777777777776,1.0,6.515269717758633
2.4024024024024024,0.20641975308641974,1.0,6.440304677773263
2.5025025025025025,0.19555555555555557,1.0,6.363643514160385
2.6026026026026026,0.18518518518518517,1.0,6.287237404083385
2.702702702702703,0.17530864197530865,1.0,6.217000155150122
2.802802802802803,0.1654320987654321,1.0,6.1432313925859825
2.902902902902903,0.15604938271604937,1.0,6.063447147976648
3.0030030030030037,0.14716049382716048,1.0,5.9774595583733925
3.1031031031031038,0.13876543209876543,1.0,5.885268817475561
3.2032032032032034,0.1308641975308642,1.0,5.7871810539226995
3.3033033033033035,0.12345679012345678,1.0,5.684001777237481
3.4034034034034035,0.11654320987654321,1.0,5.577391969278852
3.503503503503504,0.11012345679012346,1.0,5.470707599727395
3.603603603603604,0.10419753086419753,1.0,5.37405411294201
3.703703703703704,0.09827160493827161,1.0,5.270694273659805
3.803803803803804,0.09283950617283951,1.0,5.180047537457858
3.903903903903904,0.0874074074074074,1.0,5.083382978801911
4.004004004004004,0.0819753086419753,1.0,4.979852544839784
4.104104104104104,0.07703703703703704,1.0,4.875469278440569
4.2042042042042045,0.0725925925925926,1.0,4.775876057412018
4.3043043043043046,0.06864197530864198,1.0,4.697023304399943
4.404404404404405,0.08691358024691358,1.0,5.6583231791908695
4.504504504504505,0.10469135802469136,1.0,5.910261959807673
4.604604604604605,0.12197530864197531,1.0,5.988236547265665
4.704704704704705,0.13876543209876543,1.0,5.996363973311586
4.804804804804805,0.13283950617283952,1.0,5.940815392195575
4.904904904904905,0.12691358024691357,1.0,5.883085441907027
5.005005005005005,0.12098765432098765,1.0,5.823000934438012
5.105105105105105,0.11506172839506174,1.0,5.760368197598863
5.205205205205205,0.1091358024691358,1.0,5.694969992832557
5.305305305305305,0.10320987654320987,1.0,5.626561941865063
5.405405405405406,0.09728395061728395,1.0,5.5548684270670154
5.505505505505506,0.09135802469135802,1.0,5.4795779802660425
5.605605605605606,0.0854320987654321,1.0,5.400338288955235
5.705705705705706,0.08,1.0,5.338117441542068
5.805805805805806,0.0745679012345679,1.0,5.273973014271499
5.9059059059059065,0.06962962962962962,1.0,5.202534221343734
6.006006006006007,0.06518518518518518,1.0,5.123865520840827
6.106106106106107,0.08345679012345679,1.0,5.995496152232912
6.206206206206207,0.1017283950617284,1.0,6.168272917949425
6.306306306306307,0.12,1.0,6.191417235724323
6.406406406406407,0.1382716049382716,1.0,6.166748106215232
6.506506506506507,0.15654320987654322,1.0,6.133244284220677
6.606606606606607,0.174320987654321,1.0,6.090973620716394
6.706706706706707,0.1693827160493827,1.0,6.048885055830207
6.806806806806807,0.16444444444444445,1.0,6.005531923698331
6.906906906906907,0.15950617283950616,1.0,5.960835894511703
7.007007007007007,0.1545679012345679,1.0,5.914711129250398
7.107107107107107,0.14962962962962964,1.0,5.867063288323754
7.207207207207207,0.14469135802469135,1.0,5.817788371057475
7.307307307307307,0.1397530864197531,1.0,5.766771350176217
7.407407407407407,0.1348148148148148,1.0,5.71388455624137
7.507507507507508,0.12987654320987654,1.0,5.658985755022723
7.607607607607608,0.12493827160493827,1.0,5.60191584501616
7.7077077077077085,0.12,1.0,5.542496081366089
7.807807807807809,0.11506172839506174,1.0,5.480524704311282
7.907907907907909,0.11012345679012346,1.0,5.4157728120477
8.008008008008009,0.10518518518518519,1.0,5.347979265337276
8.108108108108109,0.10024691358024691,1.0,5.276844337939182
8.208208208208209,0.09530864197530864,1.0,5.202021723368544
8.308308308308309,0.09037037037037036,1.0,5.123108359714185
8.408408408408409,0.0854320987654321,1.0,5.039631316804608
8.508508508508509,0.08049382716049383,1.0,4.9510306660738435
8.608608608608609,0.07555555555555556,1.0,4.8566367605664915
8.70870870870871,0.07061728395061728,1.0,4.755639584603736
8.80880880880881,0.06567901234567901,1.0,4.647046604248193
8.90890890890891,0.06074074074074074,1.0,4.529623525239064
9.00900900900901,0.056296296296296296,1.0,4.407267838324115
9.10910910910911,0.05234567901234568,1.0,4.284419010775421
9.20920920920921,0.07111111111111111,1.0,5.47894320951748
9.30930930930931,0.08987654320987655,1.0,5.771577041117106
9.40940940940941,0.10814814814814815,1.0,5.86180993347537
9.50950950950951,0.1037037037037037,1.0,5.815782050451544
9.60960960960961,0.09925925925925926,1.0,5.76840161352434
9.70970970970971,0.09481481481481481,1.0,5.719608317897816
9.80980980980981,0.09037037037037036,1.0,5.669342785849116
9.90990990990991,0.08592592592592592,1.0,5.617548794187229
10.01001001001001,0.08148148148148149,1.0,5.5641766652602955
10.11011011011011,0.07703703703703704,1.0,5.509188417092252
10.21021021021021,0.0725925925925926,1.0,5.4525656062674575
10.31031031031031,0.06814814814814815,1.0,5.394321354871361
10.41041041041041,0.0637037037037037,1.0,5.334518995294195
10.51051051051051,0.05925925925925926,1.0,5.273301403523868
10.61061061061061,0.054814814814814816,1.0,5.210938023614363
10.710710710710712,0.0508641975308642,1.0,5.1389130265320775
10.810810810810812,0.047407407407407405,1.0,5.0573934896284065
10.910910910910912,0.044444444444444446,1.0,4.968110317878818
11.011011011011012,0.04197530864197531,1.0,4.875485494274012
11.111111111111112,0.04,1.0,4.788898458980303
11.211211211211213,0.03851851851851852,1.0,4.735758788681648
11.311311311311313,0.037037037037037035,1.0,4.680588023136902
11.411411411411413,0.035555555555555556,1.0,4.623224827140094
11.511511511511513,0.034074074074074076,1.0,4.563487861885469
11.611611611611613,0.03259259259259259,1.0,4.501172338367045
11.711711711711713,0.05333333333333334,1.0,5.855834261022076
11.811811811811811,0.07358024691358024,1.0,6.008813738307093
11.911911911911911,0.09333333333333334,1.0,6.006432172200062
12.012012012012011,0.09037037037037036,1.0,5.960845397695817
12.112112112112111,0.0874074074074074,1.0,5.913771721702667
12.212212212212211,0.08444444444444445,1.0,5.865110920622789
12.312312312312311,0.08148148148148149,1.0,5.814752289308456
12.412412412412412,0.07851851851851852,1.0,5.762573127546383
12.512512512512512,0.07555555555555556,1.0,5.708436943306969
12.612612612612612,0.0725925925925926,1.0,5.652191306729677
12.712712712712714,0.06962962962962962,1.0,5.593665270148044
12.812812812812814,0.06666666666666667,1.0,5.5326662445098735
12.912912912912914,0.0637037037037037,1.0,5.4689761888441675
13.013013013013014,0.06074074074074074,1.0,5.402346923352447
13.113113113113114,0.057777777777777775,1.0,5.332494312916323
13.213213213213214,0.054814814814814816,1.0,5.259090978280548
13.313313313313314,0.05185185185185185,1.0,5.18175706460522
13.413413413413414,0.04888888888888889,1.0,5.100048412331456
13.513513513513514,0.045925925925925926,1.0,5.013441202906521
13.613613613613614,0.04296296296296296,1.0,4.921311742303743
13.713713713713714,0.06222222222222222,1.0,6.002103831800821
13.813813813813814,0.08148148148148149,1.0,6.129247668476586
13.913913913913914,0.10074074074074074,1.0,6.114471542251947
14.014014014014014,0.12,1.0,6.075584468421582
14.114114114114114,0.13876543209876543,1.0,6.025519613816996
14.214214214214214,0.1348148148148148,1.0,5.98199429651361
14.314314314314316,0.1308641975308642,1.0,5.937117498332426
14.414414414414416,0.12691358024691357,1.0,5.890802757093852
14.514514514514516,0.12296296296296297,1.0,5.842955054184133
14.614614614614617,0.11901234567901235,1.0,5.793469649024551
14.714714714714717,0.11506172839506174,1.0,5.742230708431517
14.814814814814817,0.1111111111111111,1.0,5.689109686046797
14.914914914914917,0.10716049382716049,1.0,5.633963395178562
15.015015015015017,0.10320987654320987,1.0,5.576631702845938
15.115115115115117,0.09925925925925926,1.0,5.51693475220628
15.215215215215215,0.09530864197530864,1.0,5.454669592931794
15.315315315315315,0.09135802469135802,1.0,5.389606061703871
15.415415415415415,0.0874074074074074,1.0,5.321481703734397
15.515515515515515,0.08345679012345679,1.0,5.249995455056732
15.615615615615615,0.07950617283950617,1.0,5.1747997051301375
15.715715715715715,0.07555555555555556,1.0,5.095490216065848
15.815815815815816,0.07160493827160494,1.0,5.011593166585273
15.915915915915916,0.06765432098765432,1.0,4.922548280619645
16.016016016016017,0.0637037037037037,1.0,4.827686534926352
16.116116116116117,0.05975308641975308,1.0,4.726200221014264
16.216216216216218,0.05580246913580247,1.0,4.617101997893952
16.316316316316318,0.05234567901234568,1.0,4.507750110068265
16.416416416416418,0.04938271604938271,1.0,4.406572029354465
16.516516516516518,0.0691358024691358,1.0,5.614148905747905
16.616616616616618,0.06617283950617284,1.0,5.5697523614044
16.716716716716718,0.0854320987654321,1.0,6.342723634464959
16.816816816816818,0.10419753086419753,1.0,6.463801301767482
16.916916916916918,0.10024691358024691,1.0,6.425531908959349
17.017017017017018,0.0962962962962963,1.0,6.386455579414208
17.117117117117118,0.09234567901234568,1.0,6.346568616459998
17.217217217217218,0.08839506172839506,1.0,6.305875597116026
17.31731731731732,0.08444444444444445,1.0,6.264392563002304
17.41741741741742,0.08049382716049383,1.0,6.222151397803724
17.51751751751752,0.07654320987654321,1.0,6.179205883834102
17.61761761761762,0.0725925925925926,1.0,6.135640165592935
17.71771771771772,0.06864197530864198,1.0,6.091580713915262
17.81781781781782,0.06469135802469136,1.0,6.0472134641335575
17.91791791791792,0.06074074074074074,1.0,6.002808741717499
18.01801801801802,0.056790123456790124,1.0,5.958758151370142
18.11811811811812,0.05283950617283951,1.0,5.915630276339455
18.21821821821822,0.04888888888888889,1.0,5.874256746320387
18.31831831831832,0.0454320987654321,1.0,5.819704483207412
18.41841841841842,0.04246913580246914,1.0,5.751846150050936
18.51851851851852,0.04,1.0,5.673183336217955
18.61861861861862,0.03802469135802469,1.0,5.591461865370228
18.71871871871872,0.03654320987654321,1.0,5.533777689953278
18.81881881881882,0.03506172839506173,1.0,5.473690781476513
18.91891891891892,0.05580246913580247,1.0,6.413099316397503
19.01901901901902,0.07604938271604939,1.0,6.4096436835520505
19.11911911911912,0.09580246913580247,1.0,6.31919035459419
19.21921921921922,0.09283950617283951,1.0,6.268922494811329
19.31931931931932,0.08987654320987655,1.0,6.216858444656379
19.41941941941942,0.08691358024691358,1.0,6.162866277236514
19.51951951951952,0.08395061728395062,1.0,6.10679909740609
19.61961961961962,0.08098765432098766,1.0,6.048492705336296
19.71971971971972,0.07802469135802469,1.0,5.987762788809704
19.81981981981982,0.07506172839506173,1.0,5.92440152608908
19.91991991991992,0.07209876543209877,1.0,5.85817344534768
20.02002002002002,0.0691358024691358,1.0,5.788810337848127
20.12012012012012,0.06617283950617284,1.0,5.716004954850353
20.22022022022022,0.06320987654320988,1.0,5.639403124459135
20.32032032032032,0.06024691358024691,1.0,5.558593791931182
20.42042042042042,0.05728395061728395,1.0,5.4730962962921925
20.52052052052052,0.05432098765432099,1.0,5.382343917499748
20.62062062062062,0.05135802469135802,1.0,5.285662313712465
20.72072072072072,0.04839506172839506,1.0,5.182240838417111
20.82082082082082,0.0454320987654321,1.0,5.071093748923859
20.92092092092092,0.04246913580246914,1.0,4.951006759887136
21.02102102102102,0.03950617283950617,1.0,4.820461844238325
21.12112112112112,0.037037037037037035,1.0,4.717319856499081
21.22122122122122,0.0345679012345679,1.0,4.606318373407875
21.32132132132132,0.054814814814814816,1.0,5.8768245371119825
21.421421421421424,0.07506172839506173,1.0,6.030179157895764
21.521521521521525,0.09481481481481481,1.0,6.028696744814203
21.621621621621625,0.09185185185185185,1.0,5.983818756646696
21.721721721721725,0.1111111111111111,1.0,6.570299079548229
21.821821821821825,0.10765432098765432,1.0,6.528396709542265
21.921921921921925,0.10419753086419753,1.0,6.485251202371509
22.022022022022025,0.10074074074074074,1.0,6.440787351223949
22.122122122122125,0.09728395061728395,1.0,6.3949230118006675
22.222222222222225,0.09382716049382717,1.0,6.347568239363335
22.322322322322325,0.09037037037037036,1.0,6.298624291292128
22.422422422422425,0.08691358024691358,1.0,6.247982470369162
22.522522522522525,0.08345679012345679,1.0,6.195522778939787
22.622622622622625,0.08,1.0,6.1411123480294405
22.722722722722725,0.07654320987654321,1.0,6.084603598292227
22.822822822822825,0.07308641975308643,1.0,6.025832081318917
22.922922922922925,0.06962962962962962,1.0,5.964613940529586
23.023023023023026,0.06617283950617284,1.0,5.900742921284411
23.12312312312313,0.06271604938271605,1.0,5.833986851615438
23.223223223223226,0.05925925925925926,1.0,5.764083511770381
23.32332332332333,0.05580246913580247,1.0,5.69073582032448
23.423423423423426,0.05234567901234568,1.0,5.613606303129958
23.52352352352353,0.04938271604938271,1.0,5.530232064277133
23.623623623623622,0.04691358024691358,1.0,5.447671134145723
23.72372372372373,0.044938271604938275,1.0,5.388534886952183
23.823823823823822,0.04296296296296296,1.0,5.326877403397354
23.92392392392393,0.04098765432098765,1.0,5.262474822417939
24.024024024024023,0.03901234567901234,1.0,5.195072203380365
24.12412412412413,0.05925925925925926,1.0,6.216614866135372
24.224224224224223,0.07901234567901234,1.0,6.283939344671012
24.324324324324326,0.09827160493827161,1.0,6.2306775093603175
24.424424424424423,0.09481481481481481,1.0,6.177286979256813
24.524524524524526,0.09135802469135802,1.0,6.121846730155078
24.624624624624627,0.08790123456790123,1.0,6.064193261795041
24.724724724724727,0.08444444444444445,1.0,6.004142718931664
24.824824824824827,0.08098765432098766,1.0,5.941487369838524
24.924924924924927,0.07753086419753086,1.0,5.875991289659019
25.025025025025027,0.07407407407407407,1.0,5.8073850231946
25.125125125125127,0.07061728395061728,1.0,5.735358923555558
25.225225225225227,0.0671604938271605,1.0,5.659554752378728
25.325325325325327,0.0637037037037037,1.0,5.579554967964248
25.425425425425427,0.06024691358024691,1.0,5.494868894301531
25.525525525525527,0.056790123456790124,1.0,5.404914615522133
25.625625625625627,0.05333333333333334,1.0,5.3089949089298445
25.725725725725727,0.04987654320987654,1.0,5.206264699930962
25.825825825825827,0.046419753086419754,1.0,5.095686191458736
25.925925925925927,0.04345679012345679,1.0,4.977818407746232
26.026026026026027,0.04098765432098765,1.0,4.86146021380174
26.126126126126128,0.03901234567901234,1.0,4.773753057619044
26.226226226226228,0.05925925925925926,1.0,5.939246428509167
26.326326326326328,0.05728395061728395,1.0,5.897960197284806
26.426426426426428,0.07753086419753086,1.0,6.615591926932411
26.526526526526528,0.09728395061728395,1.0,6.658332847144517
26.626626626626628,0.09432098765432098,1.0,6.618801864458415
26.726726726726728,0.09135802469135802,1.0,6.578176798131951
26.826826826826828,0.08839506172839506,1.0,6.5363969222980876
26.926926926926928,0.0854320987654321,1.0,6.4933965077709574
27.027027027027028,0.08246913580246913,1.0,6.449104292266772
27.127127127127128,0.07950617283950617,1.0,6.403442887229814
27.227227227227228,0.07654320987654321,1.0,6.356328114756248
27.32732732732733,0.07358024691358024,1.0,6.307668268595555
27.42742742742743,0.07061728395061728,1.0,6.257363294638803
27.52752752752753,0.06765432098765432,1.0,6.205303889356153
27.62762762762763,0.06469135802469136,1.0,6.151370520456275
27.72772772772773,0.06172839506172839,1.0,6.095432384506325
27.82782782782783,0.05876543209876543,1.0,6.037346334591072
27.92792792792793,0.05580246913580247,1.0,5.976955842812149
28.02802802802803,0.05283950617283951,1.0,5.914090117120945
28.12812812812813,0.04987654320987654,1.0,5.848563586605085
28.22822822822823,0.04691358024691358,1.0,5.780176134555642
28.32832832832833,0.04395061728395062,1.0,5.708714751118193
28.42842842842843,0.04098765432098765,1.0,5.63395780478877
28.52852852852853,0.03802469135802469,1.0,5.555684105601871
28.62862862862863,0.03506172839506173,1.0,5.473690781476513
28.72872872872873,0.03259259259259259,1.0,5.377727452691792
28.82882882882883,0.030617283950617285,1.0,5.276776955548168
28.92892892892893,0.029135802469135802,1.0,5.204676947666923
29.02902902902903,0.027654320987654323,1.0,5.1287834934861785
29.12912912912913,0.04839506172839506,1.0,6.247362905339707
29.22922922922923,0.046419753086419754,1.0,6.1928867240180505
29.32932932932933,0.044444444444444446,1.0,6.136297540774112
29.42942942942943,0.04246913580246914,1.0,6.0774275453997735
29.52952952952953,0.04049382716049383,1.0,6.0160885899839425
29.62962962962963,0.03851851851851852,1.0,5.952068885528922
29.72972972972973,0.03654320987654321,1.0,5.885129041304631
29.82982982982983,0.0345679012345679,1.0,5.814997302659257
29.929929929929934,0.03259259259259259,1.0,5.741363816328157
30.030030030030037,0.030617283950617285,1.0,5.663873729741711
30.130130130130134,0.028641975308641977,1.0,5.582118926162053
30.230230230230237,0.02666666666666667,1.0,5.495628242904208
30.330330330330334,0.024691358024691357,1.0,5.403856189774728
30.430430430430437,0.02271604938271605,1.0,5.306170651709184
30.53053053053053,0.02074074074074074,1.0,5.201841232302572
30.630630630630638,0.018765432098765432,1.0,5.090032776601483
30.73073073073073,0.016790123456790124,1.0,4.969815782426808
30.830830830830838,0.015308641975308642,1.0,4.889680181354619
30.93093093093093,0.013827160493827161,1.0,4.807354922057606
31.031031031031038,0.012839506172839505,1.0,4.70043971814109
31.13113113113113,0.012345679012345678,1.0,4.643856189774723
31.231231231231234,0.011851851851851851,1.0,4.584962500721156
31.33133133133133,0.011358024691358024,1.0,4.523561956057013
31.431431431431434,0.010864197530864197,1.0,4.459431618637295
31.53153153153153,0.01037037037037037,1.0,4.39231742277876
31.631631631631635,0.03209876543209877,1.0,6.022367813028458
31.73173173173173,0.05333333333333334,1.0,5.940072687348652
31.831831831831835,0.07407407407407407,1.0,5.852417606542357
31.93193193193193,0.07209876543209877,1.0,5.808281578805597
32.032032032032035,0.07012345679012345,1.0,5.762772559020859
32.132132132132135,0.06814814814814815,1.0,5.71580344165832
32.232232232232235,0.06617283950617284,1.0,5.667278648783333
32.332332332332335,0.06419753086419754,1.0,5.617093004703749
32.432432432432435,0.06222222222222222,1.0,5.56513041889636
32.532532532532535,0.06024691358024691,1.0,5.511262336924482
32.632632632632635,0.058271604938271604,1.0,5.455345908889628
32.732732732732735,0.056296296296296296,1.0,5.397221811765113
32.832832832832835,0.05432098765432099,1.0,5.3367116446938025
32.932932932932935,0.05234567901234568,1.0,5.27361479353272
33.03303303303304,0.05037037037037037,1.0,5.207704630529656
33.133133133133136,0.04839506172839506,1.0,5.1387238740651675
33.23323323323324,0.046419753086419754,1.0,5.066378877605932
33.333333333333336,0.044444444444444446,1.0,4.99033254010104
33.43343343343344,0.04246913580246914,1.0,4.91019542262752
33.533533533533536,0.04049382716049383,1.0,4.825514503932108
33.63363363363364,0.06074074074074074,1.0,5.959813793517391
33.733733733733736,0.08098765432098766,1.0,6.112934321374654
33.83383383383384,0.07851851851851852,1.0,6.071609920380195
33.933933933933936,0.07604938271604939,1.0,6.029075339087136
34.03403403403404,0.07358024691358024,1.0,5.985258201365301
34.134134134134136,0.07111111111111111,1.0,5.9400795150307255
34.23423423423424,0.06864197530864198,1.0,5.89345285300333
34.334334334334336,0.06617283950617284,1.0,5.845283406585063
34.43443443443444,0.0637037037037037,1.0,5.795466886921094
34.53453453453454,0.06123456790123457,1.0,5.743888245591586
34.63463463463464,0.05876543209876543,1.0,5.690420179001624
34.73473473473474,0.056296296296296296,1.0,5.634921373548171
34.83483483483484,0.05382716049382716,1.0,5.577234439197802
34.93493493493494,0.05135802469135802,1.0,5.517183467891464
35.03503503503504,0.04888888888888889,1.0,5.454571140041247
35.13513513513514,0.046419753086419754,1.0,5.389175287617697
35.23523523523524,0.04395061728395062,1.0,5.320744807152113
35.33533533533534,0.04148148148148148,1.0,5.248994803525098
35.43543543543544,0.03901234567901234,1.0,5.173600842922113
35.53553553553554,0.03654320987654321,1.0,5.094192216804888
35.63563563563564,0.034074074074074076,1.0,5.0103442029982075
35.73573573573574,0.03160493827160494,1.0,4.921569531114783
35.83583583583584,0.029135802469135802,1.0,4.827309786539967
35.93593593593594,0.02666666666666667,1.0,4.726928705787046
36.03603603603604,0.02419753086419753,1.0,4.619712139989424
36.13613613613614,0.021728395061728394,1.0,4.5048861640918405
36.23623623623624,0.019753086419753086,1.0,4.3719280948873624
36.33633633633634,0.018271604938271607,1.0,4.236480392655978
36.43643643643644,0.01728395061728395,1.0,4.157854445516394
36.53653653653654,0.016296296296296295,1.0,4.074697149661484
36.63663663663664,0.037530864197530864,1.0,5.853190671338327
36.73673673673674,0.036049382716049384,1.0,5.8062629150444085
36.83683683683684,0.0345679012345679,1.0,5.757854445516399
36.93693693693694,0.055308641975308645,1.0,6.593069207771879
37.03703703703704,0.07555555555555556,1.0,6.538433594326627
37.13713713713714,0.09530864197530864,1.0,6.419088319169487
37.23723723723724,0.1145679012345679,1.0,6.303003031756172
37.33733733733734,0.1111111111111111,1.0,6.2548705800963
37.43743743743744,0.10765432098765432,1.0,6.205088510546824
37.53753753753754,0.10419753086419753,1.0,6.153540480166133
37.63763763763764,0.10074074074074074,1.0,6.100097462058934
37.73773773773774,0.09728395061728395,1.0,6.044615842288027
37.83783783783784,0.09382716049382717,1.0,5.986935147793243
37.93793793793794,0.09037037037037036,1.0,5.926875316414292
38.03803803803804,0.08691358024691358,1.0,5.864233394193185
38.13813813813814,0.08345679012345679,1.0,5.798779510233882
38.23823823823824,0.08049382716049383,1.0,5.736734979371179
38.33833833833834,0.07802469135802469,1.0,5.691408042467212
38.43843843843844,0.07555555555555556,1.0,5.644610800194849
38.53853853853854,0.07308641975308643,1.0,5.596244666290011
38.63863863863864,0.09283950617283951,1.0,6.327169237304436
38.73873873873874,0.08987654320987655,1.0,6.283866686890112
38.83883883883884,0.1091358024691358,1.0,6.816160986983439
38.93893893893894,0.12790123456790123,1.0,6.878758528990939
39.03903903903904,0.14617283950617285,1.0,6.840483601793825
39.13913913913914,0.1417283950617284,1.0,6.797449914156409
39.23923923923924,0.15950617283950616,1.0,7.1598322274776365
39.33933933933934,0.1545679012345679,1.0,7.117653391377652
39.43943943943944,0.14962962962962964,1.0,7.074211936982712
39.53953953953954,0.14469135802469135,1.0,7.0294305316086945
39.63963963963964,0.1397530864197531,1.0,6.983224585297555
39.73973973973974,0.1348148148148148,1.0,6.935501325608314
39.83983983983984,0.12987654320987654,1.0,6.8861587228364725
39.93993993993994,0.12493827160493827,1.0,6.835084236450345
40.04004004004004,0.12,1.0,6.78215334692446
40.14014014014014,0.11506172839506174,1.0,6.727227828897232
40.24024024024024,0.11012345679012346,1.0,6.670153711269048
40.34034034034034,0.10518518518518519,1.0,6.610758857000178
40.44044044044044,0.10024691358024691,1.0,6.548850079427028
40.54054054054054,0.09530864197530864,1.0,6.484209692383413
40.64064064064064,0.09037037037037036,1.0,6.41659136800766
40.74074074074074,0.10765432098765432,1.0,6.904046881848414
40.84084084084084,0.12444444444444444,1.0,6.931140736768772
40.94094094094094,0.14074074074074075,1.0,6.85891512607977
41.04104104104104,0.15654320987654322,1.0,6.753537176656482
41.14114114114114,0.14962962962962964,1.0,6.6850310790111465
41.24124124124124,0.1654320987654321,1.0,7.040666800121985
41.34134134134134,0.18074074074074073,1.0,7.098739387334332
41.44144144144144,0.19555555555555557,1.0,7.073011165184508
41.54154154154154,0.21037037037037037,1.0,7.009128047354324
41.64164164164164,0.20296296296296296,1.0,6.949800270929581
41.74174174174174,0.2182716049382716,1.0,7.223223882832727
41.84184184184184,0.23358024691358026,1.0,7.281398091020605
41.94194194194194,0.22617283950617284,1.0,7.232046146099971
42.04204204204204,0.21876543209876542,1.0,7.180952250784239
42.14214214214214,0.21135802469135803,1.0,7.127989357825689
42.24224224224224,0.2039506172839506,1.0,7.073016040358614
42.34234234234234,0.19654320987654322,1.0,7.015874243594006
42.44244244244244,0.1891358024691358,1.0,6.956386580557344
42.54254254254254,0.1817283950617284,1.0,6.894353056541712
42.64264264264264,0.174320987654321,1.0,6.8295470715163065
42.74274274274275,0.1891358024691358,1.0,7.134623297284461
42.84284284284285,0.18123456790123457,1.0,7.071995346807374
42.94294294294295,0.17333333333333334,1.0,7.006525724541079
43.04304304304305,0.1654320987654321,1.0,6.9379443375516585
43.14314314314315,0.15753086419753087,1.0,6.865940670164087
43.24324324324325,0.15012345679012346,1.0,6.799688492040655
43.34334334334335,0.14271604938271604,1.0,6.730255180755605
43.44344344344345,0.13580246913580246,1.0,6.657797717487189
43.54354354354355,0.12938271604938273,1.0,6.584912409917893
43.64364364364365,0.12345679012345678,1.0,6.519745184644789
43.74374374374375,0.11753086419753087,1.0,6.451499380936833
43.84384384384385,0.11209876543209876,1.0,6.3925847207520325
43.94394394394395,0.1288888888888889,1.0,6.8497076249057836
44.04404404404405,0.1451851851851852,1.0,6.915625491080139
44.14414414414415,0.16098765432098766,1.0,6.882562701478465
44.24424424424425,0.17629629629629628,1.0,6.809571125355456
44.34434434434435,0.19111111111111112,1.0,6.7195491309289075
44.44444444444445,0.1832098765432099,1.0,6.657511814669409
44.54454454454455,0.19753086419753085,1.0,6.976254587250907
44.64464464464465,0.21135802469135803,1.0,7.046534742160271
44.74474474474475,0.20246913580246914,1.0,6.987232879845321
44.84484484484485,0.19358024691358025,1.0,6.9253942329258695
44.94494494494495,0.18469135802469136,1.0,6.860792644080735
45.04504504504505,0.17580246913580247,1.0,6.793170401086219
45.14514514514515,0.16691358024691358,1.0,6.722232104439268
45.24524524524525,0.18024691358024691,1.0,7.043880988867466
45.34534534534535,0.17135802469135802,1.0,6.976519144474887
45.44544544544545,0.18518518518518517,1.0,7.265949480750098
45.54554554554555,0.17679012345679013,1.0,7.203957261166502
45.64564564564565,0.1688888888888889,1.0,7.147151613457363
45.74574574574575,0.16098765432098766,1.0,7.088083774433176
45.84584584584585,0.15358024691358024,1.0,7.024804404093564
45.94594594594595,0.14666666666666667,1.0,6.958440671766826
46.04604604604605,0.1402469135802469,1.0,6.891344799474246
46.14614614614615,0.134320987654321,1.0,6.830931155903979
46.24624624624625,0.12839506172839507,1.0,6.76787943633702
46.34634634634635,0.12296296296296297,1.0,6.70475158080167
46.44644644644645,0.1180246913580247,1.0,6.650039623918422
46.54654654654655,0.11308641975308642,1.0,6.593186074051256
46.64664664664665,0.10814814814814815,1.0,6.534018036578223
46.74674674674675,0.10320987654320987,1.0,6.472341067164193
46.84684684684685,0.09827160493827161,1.0,6.407935499472536
46.94694694694695,0.11555555555555555,1.0,6.883614742580335
47.04704704704705,0.13234567901234567,1.0,6.926947943650757
47.14714714714715,0.12641975308641976,1.0,6.8684366653521804
47.24724724724725,0.14271604938271604,1.0,7.226584598779552
47.34734734734735,0.15901234567901235,1.0,7.254951248546386
47.44744744744745,0.1748148148148148,1.0,7.198364152231124
47.54754754754755,0.16790123456790124,1.0,7.147782327717214
47.64764764764765,0.1832098765432099,1.0,7.4339751100807305
47.74774774774775,0.17580246913580247,1.0,7.385233793579443
47.84784784784785,0.19061728395061728,1.0,7.6394691022080705
47.94794794794795,0.20493827160493827,1.0,7.647596887784738
48.04804804804805,0.21876543209876542,1.0,7.586683318412821
48.14814814814815,0.20987654320987653,1.0,7.534930715509227
48.24824824824825,0.22320987654320987,1.0,7.750830248664139
48.34834834834835,0.2360493827160494,1.0,7.758134165435374
48.44844844844845,0.24839506172839507,1.0,7.702909718531258
48.54854854854855,0.2607407407407407,1.0,7.615697338760401
48.64864864864865,0.2730864197530864,1.0,7.512433143831124
48.74874874874875,0.2854320987654321,1.0,7.402299206216123
48.84884884884885,0.29777777777777775,1.0,7.291412207088958
48.94894894894895,0.31012345679012343,1.0,7.1858169072205245
49.04904904904905,0.3219753086419753,1.0,7.0812372599896305
49.14914914914915,0.33382716049382716,1.0,6.981156504724147
49.24924924924925,0.345679012345679,1.0,6.8891693022699085
49.34934934934935,0.35703703703703704,1.0,6.799709697790324
49.44944944944945,0.36790123456790125,1.0,6.712787245677208
49.54954954954955,0.35604938271604936,1.0,6.654084313227343
49.64964964964965,0.3441975308641975,1.0,6.592992610968057
49.74974974974975,0.3545679012345679,1.0,6.802263423258448
49.84984984984985,0.34271604938271605,1.0,6.7462435600058726
49.94994994994995,0.3308641975308642,1.0,6.687997846979356
50.05005005005005,0.3417283950617284,1.0,6.906597111502472
50.15015015015016,0.3298765432098765,1.0,6.854090458604656
50.250250250250254,0.3180246913580247,1.0,6.79960235997083
50.350350350350354,0.30617283950617286,1.0,6.7429775369767695
50.45045045045045,0.29432098765432096,1.0,6.684041730186534
50.55055055055056,0.28246913580246913,1.0,6.62259847722577
50.650650650650654,0.2706172839506173,1.0,6.558425177259911
50.750750750750754,0.25876543209876546,1.0,6.491268243934811
50.85085085085085,0.24691358024691357,1.0,6.420837081374834
50.95095095095096,0.23506172839506173,1.0,6.346796523174638
51.051051051051054,0.22320987654320987,1.0,6.268757239045043
51.151151151151154,0.23358024691358026,1.0,6.573588281112901
51.25125125125125,0.24345679012345678,1.0,6.669558164404331
51.35135135135136,0.2528395061728395,1.0,6.693640024344054
51.451451451451454,0.2617283950617284,1.0,6.677139981328248
51.55155155155156,0.2706172839506173,1.0,6.638332613587231
51.651651651651655,0.2795061728395062,1.0,6.589348703835388
51.75175175175176,0.26567901234567903,1.0,6.519083305442267
51.851851851851855,0.2745679012345679,1.0,6.775758421850832
51.95195195195196,0.2834567901234568,1.0,6.861005924858815
52.052052052052055,0.27012345679012345,1.0,6.806422989519154
52.15215215215216,0.25679012345679014,1.0,6.749870856570345
52.252252252252255,0.24395061728395062,1.0,6.698715331754921
52.35235235235236,0.2311111111111111,1.0,6.646096216007388
52.452452452452455,0.21876543209876542,1.0,6.594002237689524
52.55255255255256,0.2069135802469136,1.0,6.544394316770338
52.652652652652655,0.19555555555555557,1.0,6.502813221965745
52.75275275275276,0.18419753086419752,1.0,6.461273926654888
52.852852852852855,0.17333333333333334,1.0,6.415536994378776
52.95295295295296,0.16296296296296298,1.0,6.365101467304561
53.053053053053056,0.15308641975308643,1.0,6.309434758379359
53.15315315315316,0.1437037037037037,1.0,6.2479863720488185
53.253253253253256,0.1348148148148148,1.0,6.180211662840085
53.35335335335336,0.12641975308641976,1.0,6.105610718527162
53.453453453453456,0.11851851851851852,1.0,6.0237901537402205
53.55355355355356,0.1111111111111111,1.0,5.934560344240908
53.653653653653656,0.10419753086419753,1.0,5.838090110198645
53.75375375375376,0.09777777777777778,1.0,5.735163422812886
53.853853853853856,0.09185185185185185,1.0,5.627650864578542
53.95395395395396,0.08641975308641975,1.0,5.519607094402852
54.054054054054056,0.08148148148148149,1.0,5.423771135180173
54.15415415415416,0.07654320987654321,1.0,5.321213740490338
54.254254254254256,0.07160493827160494,1.0,5.210934069068884
54.35435435435436,0.0671604938271605,1.0,5.116936348361733
54.454454454454456,0.08493827160493828,1.0,5.9699750568618315
54.55455455455456,0.10222222222222223,1.0,6.1428973293631195
54.65465465465466,0.11950617283950617,1.0,6.175382077717152
54.75475475475476,0.1362962962962963,1.0,6.149439708525605
54.85485485485486,0.13037037037037036,1.0,6.092887999989599
54.95495495495496,0.12444444444444444,1.0,6.034074207194158
55.05505505505506,0.11851851851851852,1.0,5.972815322672162
55.15515515515516,0.11259259259259259,1.0,5.908906283899833
55.25525525525526,0.10666666666666667,1.0,5.842116597089062
55.35535535535536,0.10074074074074074,1.0,5.77218641799236
55.45545545545546,0.09481481481481481,1.0,5.698822055474195
55.55555555555556,0.08888888888888889,1.0,5.621690926979168
55.65565565565566,0.08296296296296296,1.0,5.540416140167074
55.75575575575576,0.07753086419753086,1.0,5.450609443131581
55.85585585585586,0.0725925925925926,1.0,5.352667072698087
55.95595595595596,0.06814814814814815,1.0,5.247981793719013
56.05605605605606,0.08641975308641975,1.0,6.0526117546771
56.15615615615616,0.08246913580246913,1.0,5.977986403239531
56.25625625625626,0.10123456790123457,1.0,6.583114794616838
56.35635635635636,0.11950617283950617,1.0,6.66780998313343
56.45645645645646,0.13777777777777778,1.0,6.64306378460628
56.55655655655656,0.13382716049382717,1.0,6.604436264257821
56.65665665665666,0.12987654320987654,1.0,6.564754445220571
56.75675675675676,0.1259259259259259,1.0,6.523959760040422
56.85685685685686,0.12197530864197531,1.0,6.481988688724201
56.95695695695696,0.1180246913580247,1.0,6.438772194657002
57.05705705705706,0.11407407407407408,1.0,6.394235080021198
57.15715715715716,0.11012345679012346,1.0,6.348295247094977
57.25725725725726,0.10617283950617284,1.0,6.300862849227201
57.35735735735736,0.10222222222222223,1.0,6.251839312205977
57.45745745745746,0.09827160493827161,1.0,6.20111620308858
57.55755755755756,0.09432098765432098,1.0,6.148573919284997
57.65765765765766,0.09037037037037036,1.0,6.094080165774579
57.75775775775776,0.08641975308641975,1.0,6.037488182877656
57.85785785785786,0.08246913580246913,1.0,5.97863468130696
57.95795795795796,0.07851851851851852,1.0,5.917337436021828
58.05805805805806,0.0745679012345679,1.0,5.853392487268277
58.15815815815816,0.07061728395061728,1.0,5.7865708993069696
58.25825825825826,0.06666666666666667,1.0,5.716615041078609
58.35835835835836,0.06271604938271605,1.0,5.6432343910706955
58.45845845845846,0.05876543209876543,1.0,5.566100956148923
58.55855855855856,0.054814814814814816,1.0,5.484844582118042
58.65865865865866,0.0508641975308642,1.0,5.399048827691994
58.75875875875876,0.04691358024691358,1.0,5.308248897326391
58.85885885885886,0.04296296296296296,1.0,5.211934874661723
58.95895895895896,0.03901234567901234,1.0,5.109567298289687
59.05905905905906,0.057777777777777775,1.0,6.145295595337419
59.15915915915916,0.05432098765432099,1.0,6.0715578950281595
59.25925925925926,0.07358024691358024,1.0,6.727065751787996
59.35935935935936,0.07061728395061728,1.0,6.680371861042115
59.45945945945946,0.06765432098765432,1.0,6.632239838229674
59.55955955955956,0.06469135802469136,1.0,6.582593612026293
59.65965965965966,0.06172839506172839,1.0,6.531354184471709
59.75975975975976,0.05876543209876543,1.0,6.478440662285802
59.85985985985987,0.05580246913580247,1.0,6.423771993216343
59.95995995995997,0.05283950617283951,1.0,6.367269789977702
60.06006006006007,0.04987654320987654,1.0,6.308862843987976
60.16016016016017,0.04691358024691358,1.0,6.248494292404834
60.26026026026027,0.04395061728395062,1.0,6.186133009496551
60.36036036036037,0.04098765432098765,1.0,6.121791840881222
60.46046046046047,0.03802469135802469,1.0,6.05555715749373
60.56056056056057,0.03506172839506173,1.0,5.987637612401481
60.66066066066067,0.03259259259259259,1.0,5.942047339022651
60.76076076076077,0.030123456790123456,1.0,5.897950452316981
60.86086086086087,0.028148148148148148,1.0,5.832890014164737
60.96096096096097,0.02666666666666667,1.0,5.7548875021634665
61.06106106106107,0.02567901234567901,1.0,5.700439718141095
61.16116116116117,0.024691358024691357,1.0,5.643856189774728
61.26126126126127,0.023703703703703703,1.0,5.5849625007211605
61.36136136136137,0.02271604938271605,1.0,5.5235619560570095
61.46146146146147,0.021728395061728394,1.0,5.4594316186372955
61.56156156156157,0.02074074074074074,1.0,5.3923174227787625
61.66166166166167,0.04197530864197531,1.0,6.409390936137707
61.76176176176177,0.06271604938271605,1.0,6.295771300945399
61.86186186186187,0.06074074074074074,1.0,6.243327513469324
61.96196196196197,0.08098765432098766,1.0,6.8453568826668745
62.06206206206207,0.07851851851851852,1.0,6.797159684844085
62.16216216216217,0.07604938271604939,1.0,6.747306021214394
62.26226226226227,0.07358024691358024,1.0,6.6956785875762606
62.36236236236237,0.07111111111111111,1.0,6.642147223664545
62.46246246246247,0.06864197530864198,1.0,6.586566972004095
62.56256256256257,0.06617283950617284,1.0,6.528775757621951
62.66266266266267,0.0637037037037037,1.0,6.468591596508522
62.76276276276277,0.06123456790123457,1.0,6.405809213612676
62.86286286286287,0.05876543209876543,1.0,6.340195914568448
62.96296296296297,0.056296296296296296,1.0,6.271486505392812
63.06306306306307,0.05382716049382716,1.0,6.199376985327385
63.16316316316317,0.05135802469135802,1.0,6.12351664121802
63.26326326326327,0.04888888888888889,1.0,6.043498034221029
63.36336336336337,0.046419753086419754,1.0,5.958844170826571
63.46346346346347,0.04395061728395062,1.0,5.868991857932692
63.56356356356357,0.04148148148148148,1.0,5.773269803731143
63.66366366366367,0.03950617283950617,1.0,5.696928094887361
63.76376376376377,0.037530864197530864,1.0,5.616348566075168
63.86386386386387,0.058271604938271604,1.0,6.4928125408872575
63.96396396396397,0.07851851851851852,1.0,6.482694276039059
64.06406406406407,0.09827160493827161,1.0,6.388081089925403
64.16416416416416,0.09530864197530864,1.0,6.3400980989734474
64.26426426426427,0.09234567901234568,1.0,6.290475274921322
64.36436436436436,0.08938271604938272,1.0,6.239097267820555
64.46446446446447,0.08641975308641975,1.0,6.185836182778761
64.56456456456456,0.08345679012345679,1.0,6.130549702067917
64.66466466466467,0.08049382716049383,1.0,6.073078843924032
64.76476476476476,0.07753086419753086,1.0,6.0132452706885395
64.86486486486487,0.0745679012345679,1.0,5.950848033525603
64.96496496496496,0.07160493827160494,1.0,5.885659606749016
65.06506506506507,0.06864197530864198,1.0,5.8174210182530395
65.16516516516516,0.06567901234567901,1.0,5.745835818439306
65.26526526526527,0.06271604938271605,1.0,5.670562540574786
65.36536536536536,0.05975308641975308,1.0,5.591205178886958
65.46546546546547,0.056790123456790124,1.0,5.507301028659674
65.56556556556556,0.05382716049382716,1.0,5.418304966423008
65.66566566566567,0.0508641975308642,1.0,5.323568851858814
65.76576576576576,0.047901234567901234,1.0,5.222314130267025
65.86586586586587,0.044938271604938275,1.0,5.113594776966974
65.96596596596596,0.04197530864197531,1.0,4.996246229644488
66.06606606606607,0.03901234567901234,1.0,4.86881350071179
66.16616616616616,0.036049382716049384,1.0,4.729447503433493
66.26626626626627,0.03358024691358025,1.0,4.589629936170444
66.36636636636636,0.03160493827160494,1.0,4.482847655573917
66.46646646646647,0.02962962962962963,1.0,4.367842886590087
66.56656656656656,0.028148148148148148,1.0,4.296258873130661
66.66666666666667,0.04888888888888889,1.0,5.792658766172759
66.76676676676676,0.0691358024691358,1.0,5.943010159554861
66.86686686686687,0.08888888888888889,1.0,5.937500456743666
66.96696696696696,0.10814814814814815,1.0,5.896598417900473
67.06706706706707,0.10469135802469136,1.0,5.847880713854287
67.16716716716716,0.10123456790123457,1.0,5.7974628432706945
67.26726726726727,0.09777777777777778,1.0,5.745222023988897
67.36736736736736,0.09432098765432098,1.0,5.691021694403302
67.46746746746747,0.0908641975308642,1.0,5.634709374417692
67.56756756756756,0.0874074074074074,1.0,5.576114095170729
67.66766766766767,0.08395061728395062,1.0,5.5150432889770675
67.76776776776777,0.08049382716049383,1.0,5.45127899769645
67.86786786786787,0.07703703703703704,1.0,5.384573212368781
67.96796796796797,0.07358024691358024,1.0,5.314642094215069
68.06806806806807,0.07012345679012345,1.0,5.241158739162049
68.16816816816817,0.06666666666666667,1.0,5.163744022928678
68.26826826826827,0.06320987654320988,1.0,5.081954882778696
68.36836836836838,0.05975308641975308,1.0,4.995269125686468
68.46846846846847,0.056790123456790124,1.0,4.908491029186433
68.56856856856858,0.05432098765432099,1.0,4.829042554414082
68.66866866866867,0.05234567901234568,1.0,4.777402647939017
68.76876876876878,0.05037037037037037,1.0,4.723848013518912
68.86886886886887,0.04839506172839506,1.0,4.668231400215581
68.96896896896898,0.046419753086419754,1.0,4.610387920803557
69.06906906906907,0.06666666666666667,1.0,5.7823349488866675
69.16916916916918,0.06419753086419754,1.0,5.7396379091656575
69.26926926926927,0.06172839506172839,1.0,5.6957451846447835
69.36936936936938,0.05925925925925926,1.0,5.650599866423833
69.46946946946947,0.056790123456790124,1.0,5.604143203099484
69.56956956956958,0.05432098765432099,1.0,5.556315281686813
69.66966966966967,0.05185185185185185,1.0,5.507056112883609
69.76976976976978,0.04938271604938271,1.0,5.456307314753097
69.86986986986987,0.04691358024691358,1.0,5.404014687255543
69.96996996996998,0.044444444444444446,1.0,5.350132124083408
70.07007007007007,0.04197530864197531,1.0,5.29462755375931
70.17017017017018,0.03950617283950617,1.0,5.237492001110317
70.27027027027027,0.037037037037037035,1.0,5.178753523800373
70.37037037037038,0.0345679012345679,1.0,5.118498909771204
70.47047047047047,0.03209876543209877,1.0,5.056908005302865
70.57057057057058,0.02962962962962963,1.0,4.994309137239127
70.67067067067067,0.027160493827160494,1.0,4.931270849848957
70.77077077077078,0.024691358024691357,1.0,4.868758439731456
70.87087087087087,0.022222222222222223,1.0,4.808411151837153
70.97097097097098,0.019753086419753086,1.0,4.753055907333276
71.07107107107107,0.01728395061728395,1.0,4.707714802597437
71.17117117117118,0.014814814814814815,1.0,4.681727678869737
71.27127127127127,0.012839506172839505,1.0,4.623516641218013
71.37137137137138,0.03358024691358025,1.0,6.087462841250345
71.47147147147147,0.05432098765432099,1.0,5.9813597135246575
71.57157157157158,0.07506172839506173,1.0,5.889636970068393
71.67167167167167,0.07308641975308643,1.0,5.846579885285265
71.77177177177178,0.07111111111111111,1.0,5.8022139765207745
71.87187187187187,0.0691358024691358,1.0,5.756458016326836
71.97197197197198,0.0671604938271605,1.0,5.709223042835813
72.07207207207207,0.06518518518518518,1.0,5.660411353584119
72.17217217217218,0.06320987654320988,1.0,5.609915331405875
72.27227227227228,0.06123456790123457,1.0,5.557616067823286
72.37237237237238,0.05925925925925926,1.0,5.503381740810842
72.47247247247248,0.05728395061728395,1.0,5.447065692769314
72.57257257257258,0.055308641975308645,1.0,5.38850414017015
72.67267267267268,0.05333333333333334,1.0,5.3275134274483635
72.77277277277278,0.05135802469135802,1.0,5.263886712688519
72.87287287287288,0.04938271604938271,1.0,5.197389939125687
72.97297297297298,0.047407407407407405,1.0,5.127756901109276
73.07307307307308,0.0454320987654321,1.0,5.054683151050741
73.17317317317318,0.04345679012345679,1.0,4.977818407746232
73.27327327327328,0.04148148148148148,1.0,4.89675700544245
73.37337337337338,0.03950617283950617,1.0,4.8110257504612814
73.47347347347348,0.037530864197530864,1.0,4.7200683022340675
73.57357357357358,0.035555555555555556,1.0,4.623224827140094
73.67367367367368,0.034074074074074076,1.0,4.563487861885469
73.77377377377378,0.03259259259259259,1.0,4.501172338367045
73.87387387387388,0.03111111111111111,1.0,4.436045795828973
73.97397397397398,0.02962962962962963,1.0,4.367842886590087
74.07407407407408,0.05037037037037037,1.0,5.813719704334806
74.17417417417418,0.07061728395061728,1.0,5.965234360996725
74.27427427427428,0.09037037037037036,1.0,5.960845397695817
74.37437437437438,0.10962962962962963,1.0,5.920189740068056
74.47447447447448,0.10617283950617284,1.0,5.872270465717584
74.57457457457458,0.10271604938271604,1.0,5.822706905495477
74.67467467467468,0.09925925925925926,1.0,5.771382350242989
74.77477477477478,0.09580246913580247,1.0,5.718167223496599
74.87487487487488,0.09234567901234568,1.0,5.662917120188182
74.97497497497498,0.08888888888888889,1.0,5.605470457320591
75.07507507507508,0.0854320987654321,1.0,5.545645640818969
75.17517517517518,0.0819753086419753,1.0,5.483237624013745
75.27527527527528,0.07851851851851852,1.0,5.418013694182819
75.37537537537538,0.07506172839506173,1.0,5.349708269937135
75.47547547547548,0.07160493827160494,1.0,5.278016417526536
75.57557557557558,0.06814814814814815,1.0,5.202585688599518
75.67567567567568,0.06469135802469136,1.0,5.123005730495538
75.77577577577578,0.06123456790123457,1.0,5.038794899061657
75.87587587587588,0.057777777777777775,1.0,4.949382775120467
75.97597597597598,0.054814814814814816,1.0,4.859687150114399
76.07607607607608,0.05234567901234568,1.0,4.777402647939017
76.17617617617618,0.05037037037037037,1.0,4.723848013518912
76.27627627627628,0.07061728395061728,1.0,5.825921074525505
76.37637637637638,0.09037037037037036,1.0,6.036164933900641
76.47647647647648,0.10962962962962963,1.0,6.077230956011408
76.57657657657658,0.10617283950617284,1.0,6.034424651482344
76.67667667667668,0.10271604938271604,1.0,5.99031820328116
76.77677677677679,0.09925925925925926,1.0,5.94483085740429
76.87687687687688,0.09580246913580247,1.0,5.897874181947233
76.97697697697699,0.09234567901234568,1.0,5.849351077083495
77.07707707707708,0.08888888888888889,1.0,5.799154623650719
77.17717717717719,0.0854320987654321,1.0,5.747166738734705
77.27727727727728,0.0819753086419753,1.0,5.693256599552441
77.37737737737739,0.07851851851851852,1.0,5.637278788141449
77.47747747747748,0.07506172839506173,1.0,5.579071098485968
77.57757757757759,0.07160493827160494,1.0,5.518451934350142
77.67767767767768,0.06814814814814815,1.0,5.455217209899682
77.77777777777779,0.06469135802469136,1.0,5.389136646063654
77.87787787787788,0.06123456790123457,1.0,5.319949334057003
77.97797797797799,0.057777777777777775,1.0,5.247358415628355
78.07807807807808,0.05432098765432099,1.0,5.17102471297396
78.17817817817819,0.0508641975308642,1.0,5.09055914312095
78.27827827827828,0.047407407407407405,1.0,5.00551380221855
78.37837837837839,0.04395061728395062,1.0,4.91537177305531
78.47847847847848,0.04049382716049383,1.0,4.819536150326338
78.57857857857859,0.037037037037037035,1.0,4.717319856499081
78.67867867867868,0.034074074074074076,1.0,4.603413767713925
78.77877877877879,0.03160493827160494,1.0,4.482847655573917
78.87887887887888,0.02962962962962963,1.0,4.367842886590087
78.97897897897899,0.028148148148148148,1.0,4.296258873130661
79.07907907907908,0.04888888888888889,1.0,5.792658766172759
79.17917917917919,0.0691358024691358,1.0,5.943010159554861
79.27927927927928,0.06666666666666667,1.0,5.896642911625259
79.37937937937939,0.06419753086419754,1.0,5.848764543564699
79.47947947947948,0.06172839506172839,1.0,5.7992759844370925
79.57957957957959,0.05925925925925926,1.0,5.748068512058837
79.67967967967968,0.056790123456790124,1.0,5.695022550737434
79.77977977977979,0.05432098765432099,1.0,5.640006304237068
79.87987987987988,0.05185185185185185,1.0,5.582874207956868
79.97997997997999,0.04938271604938271,1.0,5.523465189601651
80.08008008008008,0.04691358024691358,1.0,5.46160073975048
80.18018018018019,0.044444444444444446,1.0,5.3970828184076645
80.28028028028028,0.04197530864197531,1.0,5.329691671304556
80.38038038038039,0.03950617283950617,1.0,5.259183719779189
80.48048048048048,0.037037037037037035,1.0,5.185289857076005
80.58058058058059,0.0345679012345679,1.0,5.107714802597436
80.68068068068068,0.03209876543209877,1.0,5.026138774533632
80.78078078078079,0.02962962962962963,1.0,4.940223928941853
80.88088088088088,0.027654320987654323,1.0,4.843069207771892
80.98098098098099,0.02617283950617284,1.0,4.746788379091503
81.08108108108108,0.025185185185185185,1.0,4.692033185108749
81.18118118118119,0.02419753086419753,1.0,4.635118007380514
81.28128128128128,0.023209876543209877,1.0,4.575865447422317
81.38138138138139,0.022222222222222223,1.0,4.514075318551896
81.48148148148148,0.04345679012345679,1.0,5.982158891364577
81.58158158158159,0.04197530864197531,1.0,5.938802700843586
81.68168168168168,0.06271604938271605,1.0,6.689472088346952
81.78178178178179,0.06074074074074074,1.0,6.649831578509961
81.88188188188188,0.08098765432098766,1.0,7.150234931447373
81.98198198198199,0.10074074074074074,1.0,7.084190047853851
82.08208208208208,0.09777777777777778,1.0,7.043498034221022
82.18218218218219,0.09481481481481481,1.0,7.0016291673878355
82.28228228228228,0.09185185185185185,1.0,6.95851364981772
82.38238238238239,0.08888888888888889,1.0,6.914075318551884
82.48248248248248,0.08592592592592592,1.0,6.868230852170555
82.58258258258259,0.08296296296296296,1.0,6.820888851350201
82.68268268268268,0.08,1.0,6.771948768316708
82.78278278278279,0.07703703703703704,1.0,6.721299654759697
82.88288288288288,0.07407407407407407,1.0,6.668818690495877
82.98298298298299,0.07111111111111111,1.0,6.6143694458867675
83.08308308308308,0.06814814814814815,1.0,6.5577998190970055
83.18318318318319,0.06518518518518518,1.0,6.498939573903908
83.28328328328328,0.06222222222222222,1.0,6.4375973838173834
83.38338338338339,0.05925925925925926,1.0,6.37355726227519
83.48348348348348,0.056296296296296296,1.0,6.30657422469106
83.58358358358359,0.07555555555555556,1.0,6.891374770797212
83.68368368368368,0.09481481481481481,1.0,6.845379167387831
83.78378378378379,0.11407407407407408,1.0,6.732873878675673
83.88388388388388,0.13283950617283952,1.0,6.611407018682408
83.98398398398399,0.1288888888888889,1.0,6.5614121747225225
84.08408408408408,0.12493827160493827,1.0,6.509654098401175
84.18418418418419,0.12098765432098765,1.0,6.456005745116186
84.28428428428428,0.11703703703703704,1.0,6.400326002053692
84.38438438438439,0.11308641975308642,1.0,6.342457554463042
84.48448448448448,0.1091358024691358,1.0,6.282224335399734
84.58458458458459,0.10518518518518519,1.0,6.219428458243852
84.68468468468468,0.10123456790123457,1.0,6.153846501933924
84.78478478478479,0.09728395061728395,1.0,6.085224979343869
84.88488488488488,0.09333333333333334,1.0,6.013274765479464
84.98498498498499,0.08938271604938272,1.0,5.937664188176227
85.08508508508508,0.0854320987654321,1.0,5.858010380803405
85.18518518518519,0.08148148148148149,1.0,5.773868350596342
85.28528528528528,0.07753086419753086,1.0,5.684717006839628
85.38538538538539,0.07358024691358024,1.0,5.589941087561739
85.4854854854855,0.06962962962962962,1.0,5.488807469404729
85.58558558558559,0.06567901234567901,1.0,5.3804336572894345
85.6856856856857,0.06172839506172839,1.0,5.263745184644782
85.78578578578579,0.057777777777777775,1.0,5.1374169631546565
85.8858858858859,0.05382716049382716,1.0,4.999790861454327
85.98598598598599,0.04987654320987654,1.0,4.848757151047206
86.0860860860861,0.046419753086419754,1.0,4.716770899526962
86.18618618618619,0.04296296296296296,1.0,4.572197662490526
86.2862862862863,0.04,1.0,4.453987194215941
86.38638638638639,0.037037037037037035,1.0,4.325420190467035
86.4864864864865,0.0345679012345679,1.0,4.2042131954854876
86.58658658658659,0.03259259259259259,1.0,4.123865520840825
86.6866866866867,0.05283950617283951,1.0,5.63160822469868
86.78678678678679,0.0725925925925926,1.0,5.847598280195802
86.8868868868869,0.09185185185185185,1.0,5.876712305219897
86.98698698698699,0.11061728395061729,1.0,5.854186283645434
87.0870870870871,0.1288888888888889,1.0,5.8152430293046065
87.18718718718719,0.12444444444444444,1.0,5.76340931246103
87.2872872872873,0.14222222222222222,1.0,6.300877246208411
87.38738738738739,0.13728395061728396,1.0,6.253199658936
87.4874874874875,0.13234567901234567,1.0,6.203900860015649
87.58758758758759,0.1274074074074074,1.0,6.1528674411439805
87.6876876876877,0.14469135802469135,1.0,6.625312514457707
87.78778778778779,0.13925925925925925,1.0,6.57842528454356
87.8878878878879,0.13382716049382717,1.0,6.530016529690612
87.98798798798799,0.12839506172839507,1.0,6.479989850773438
88.0880880880881,0.1451851851851852,1.0,6.902364080510259
88.18818818818819,0.1397530864197531,1.0,6.854749756134812
88.2882882882883,0.1348148148148148,1.0,6.805451422015698
88.38838838838839,0.15259259259259259,1.0,7.1717063263302725
88.4884884884885,0.14814814814814814,1.0,7.134768089456056
88.58858858858859,0.16592592592592592,1.0,7.450039030405229
88.6886886886887,0.1832098765432099,1.0,7.475987238175803
88.78878878878879,0.17777777777777778,1.0,7.4380023771945325
88.8888888888889,0.1945679012345679,1.0,7.693684767643671
88.988988988989,0.2108641975308642,1.0,7.707256245710013
89.0890890890891,0.20444444444444446,1.0,7.667986142365663
89.1891891891892,0.1980246913580247,1.0,7.627638733210767
89.2892892892893,0.21382716049382716,1.0,7.849821236628664
89.3893893893894,0.2069135802469136,1.0,7.809306634076352
89.4894894894895,0.2,1.0,7.767657664271726
89.5895895895896,0.21530864197530863,1.0,7.973438602086176
89.6896896896897,0.20790123456790124,1.0,7.931691875278462
89.7897897897898,0.20049382716049383,1.0,7.888759921755884
89.8898898898899,0.1930864197530864,1.0,7.844579238049481
89.98998998999,0.18567901234567902,1.0,7.799082008072809
90.0900900900901,0.1782716049382716,1.0,7.752195933477291
90.1901901901902,0.1708641975308642,1.0,7.703844145999338
90.2902902902903,0.1634567901234568,1.0,7.653945256438331
90.3903903903904,0.15604938271604937,1.0,7.602413623817445
90.4904904904905,0.1708641975308642,1.0,7.839187849534916
90.5905905905906,0.16296296296296298,1.0,7.789313940461646
90.6906906906907,0.17728395061728394,1.0,8.000923348936304
90.7907907907908,0.1688888888888889,1.0,7.9523745926639275
90.8908908908909,0.18271604938271604,1.0,8.143317112069106
90.990990990991,0.17382716049382715,1.0,8.095868640083193
91.0910910910911,0.1871604938271605,1.0,8.269577711056018
91.1911911911912,0.2,1.0,8.205593190359194
91.2912912912913,0.2128395061728395,1.0,8.075871089030631
91.3913913913914,0.22567901234567903,1.0,7.919737690939568
91.4914914914915,0.23851851851851852,1.0,7.754905989696891
91.5915915915916,0.25135802469135804,1.0,7.591216289789527
91.6916916916917,0.2419753086419753,1.0,7.521850687685515
91.7917917917918,0.2548148148148148,1.0,7.705537375304972
91.8918918918919,0.2454320987654321,1.0,7.640751532232936
91.991991991992,0.2360493827160494,1.0,7.573008171720581
92.0920920920921,0.22666666666666666,1.0,7.5020308376882525
92.1921921921922,0.21728395061728395,1.0,7.427503172334408
92.2922922922923,0.20839506172839506,1.0,7.355726906433734
92.3923923923924,0.19950617283950617,1.0,7.280297304249143
92.4924924924925,0.19061728395061728,1.0,7.200831252007105
92.5925925925926,0.1817283950617284,1.0,7.116883211202667
92.6926926926927,0.17333333333333334,1.0,7.036102140241665
92.7927927927928,0.16493827160493826,1.0,6.9506557053550075
92.8928928928929,0.17876543209876544,1.0,7.231535243178701
92.992992992993,0.17037037037037037,1.0,7.156195513726091
93.0930930930931,0.16197530864197532,1.0,7.07673217814012
93.1931931931932,0.15407407407407409,1.0,6.99502039809157
93.2932932932933,0.14666666666666667,1.0,6.917721972396338
93.3933933933934,0.13925925925925925,1.0,6.836077671293163
93.4934934934935,0.13234567901234567,1.0,6.752395895429904
93.5935935935936,0.1259259259259259,1.0,6.6745101895524375
93.6936936936937,0.1417283950617284,1.0,7.0462649299550675
93.7937937937938,0.1348148148148148,1.0,6.9735612506103655
93.8938938938939,0.12839506172839507,1.0,6.906865108989384
93.993993993994,0.12197530864197531,1.0,6.83694647026554
94.0940940940941,0.11555555555555555,1.0,6.763479450175259
94.1941941941942,0.10962962962962963,1.0,6.69756281212858
94.2942942942943,0.1259259259259259,1.0,7.100268719082981
94.3943943943944,0.1417283950617284,1.0,7.117931916123331
94.4944944944945,0.15703703703703703,1.0,7.044228189192444
94.5945945945946,0.17185185185185184,1.0,6.936572330555536
94.6946946946947,0.18617283950617283,1.0,6.816503869847917
94.7947947947948,0.17777777777777778,1.0,6.743010778299532
94.8948948948949,0.1693827160493827,1.0,6.665610483338725
94.994994994995,0.16098765432098766,1.0,6.583868020693272
